"AK_ID","CODE","NAME","AK_AK_ID","START_DATE","END_DATE","SORT_ORDER"
3399,"27.32","Виробництво інших видів електронних і електричних проводів і кабелів",3817,"1/1/12, 00:00:00",,"C.27.32"
3400,"27.33","Виробництво електромонтажних пристроїв",3817,"1/1/12, 00:00:00",,"C.27.33"
3401,"27.4","Виробництво електричного освітлювального устатковання",3811,"1/1/12, 00:00:00",,"C.27.4"
3402,"27.40","Виробництво електричного освітлювального устатковання",3401,"1/1/12, 00:00:00",,"C.27.40"
3403,"27.5","Виробництво побутових приладів",3811,"1/1/12, 00:00:00",,"C.27.5"
3404,"27.51","Виробництво електричних побутових приладів",3403,"1/1/12, 00:00:00",,"C.27.51"
3405,"27.52","Виробництво неелектричних побутових приладів",3403,"1/1/12, 00:00:00",,"C.27.52"
3406,"27.9","Виробництво іншого електричного устатковання",3811,"1/1/12, 00:00:00",,"C.27.9"
3407,"27.90","Виробництво іншого електричного устатковання",3406,"1/1/12, 00:00:00",,"C.27.90"
3408,"28","Виробництво машин і устатковання, н. в. і. у.",3561,"1/1/12, 00:00:00",,"C.28"
3409,"28.1","Виробництво машин і устатковання загального призначення",3408,"1/1/12, 00:00:00",,"C.28.1"
3410,"28.11","Виробництво двигунів і турбін, крім авіаційних, автотранспортних і мотоциклетних двигунів",3409,"1/1/12, 00:00:00",,"C.28.11"
3411,"28.12","Виробництво гідравлічного та пневматичного устатковання",3409,"1/1/12, 00:00:00",,"C.28.12"
3412,"28.13","Виробництво інших помп і компресорів",3409,"1/1/12, 00:00:00",,"C.28.13"
3413,"28.14","Виробництво інших кранів і клапанів",3409,"1/1/12, 00:00:00",,"C.28.14"
3414,"28.15","Виробництво підшипників, зубчастих передач, елементів механічних передач і приводів",3409,"1/1/12, 00:00:00",,"C.28.15"
3415,"28.2","Виробництво інших машин і устатковання загального призначення",3408,"1/1/12, 00:00:00",,"C.28.2"
3416,"28.21","Виробництво духових шаф, печей і пічних пальників",3415,"1/1/12, 00:00:00",,"C.28.21"
3417,"28.22","Виробництво підіймального та вантажно-розвантажувального устатковання",3415,"1/1/12, 00:00:00",,"C.28.22"
3418,"28.23","Виробництво офісних машин і устатковання, крім комп'ютерів і периферійного устатковання",3415,"1/1/12, 00:00:00",,"C.28.23"
3419,"28.24","Виробництво ручних електромеханічних і пневматичних інструментів",3415,"1/1/12, 00:00:00",,"C.28.24"
3420,"28.25","Виробництво промислового холодильного та вентиляційного устатковання",3415,"1/1/12, 00:00:00",,"C.28.25"
3421,"28.29","Виробництво інших машин і устатковання загального призначення, н. в. і. у.",3415,"1/1/12, 00:00:00",,"C.28.29"
3422,"28.3","Виробництво машин і устатковання для сільського та лісового господарства",3408,"1/1/12, 00:00:00",,"C.28.3"
3423,"28.30","Виробництво машин і устатковання для сільського та лісового господарства",3422,"1/1/12, 00:00:00",,"C.28.30"
3424,"28.4","Виробництво металообробних машин і верстатів",3408,"1/1/12, 00:00:00",,"C.28.4"
3425,"28.41","Виробництво металообробних машин",3424,"1/1/12, 00:00:00",,"C.28.41"
3426,"28.49","Виробництво інших верстатів",3424,"1/1/12, 00:00:00",,"C.28.49"
3427,"28.9","Виробництво інших машин і устатковання спеціального призначення",3408,"1/1/12, 00:00:00",,"C.28.9"
3428,"28.91","Виробництво машин і устатковання для металургії",3427,"1/1/12, 00:00:00",,"C.28.91"
3429,"28.92","Виробництво машин і устатковання для добувної промисловості та будівництва",3427,"1/1/12, 00:00:00",,"C.28.92"
3430,"28.93","Виробництво машин і устатковання для виготовлення харчових продуктів і напоїв, перероблення тютюну",3427,"1/1/12, 00:00:00",,"C.28.93"
3431,"28.94","Виробництво машин і устатковання для виготовлення текстильних, швейних, хутряних і шкіряних виробів",3427,"1/1/12, 00:00:00",,"C.28.94"
3432,"28.95","Виробництво машин і устатковання для виготовлення паперу та картону",3427,"1/1/12, 00:00:00",,"C.28.95"
3433,"28.96","Виробництво машин і устатковання для виготовлення пластмас і гуми",3427,"1/1/12, 00:00:00",,"C.28.96"
3434,"28.99","Виробництво інших машин і устатковання спеціального призначення, н. в. і. у.",3427,"1/1/12, 00:00:00",,"C.28.99"
3435,"29","Виробництво автотранспортних засобів, причепів і напівпричепів",3561,"1/1/12, 00:00:00",,"C.29"
3436,"29.1","Виробництво автотранспортних засобів",3435,"1/1/12, 00:00:00",,"C.29.1"
3437,"29.10","Виробництво автотранспортних засобів",3436,"1/1/12, 00:00:00",,"C.29.10"
3438,"29.2","Виробництво кузовів для автотранспортних засобів, причепів і напівпричепів",3435,"1/1/12, 00:00:00",,"C.29.2"
3439,"29.20","Виробництво кузовів для автотранспортних засобів, причепів і напівпричепів",3438,"1/1/12, 00:00:00",,"C.29.20"
3440,"29.3","Виробництво вузлів, деталей і приладдя для автотранспортних засобів",3435,"1/1/12, 00:00:00",,"C.29.3"
3441,"29.31","Виробництво електричного й електронного устатковання для автотранспортних засобів",3440,"1/1/12, 00:00:00",,"C.29.31"
3442,"29.32","Виробництво інших вузлів, деталей і приладдя для автотранспортних засобів",3440,"1/1/12, 00:00:00",,"C.29.32"
3443,"30","Виробництво інших транспортних засобів",3561,"1/1/12, 00:00:00",,"C.30"
3444,"30.1","Будування суден і човнів",3443,"1/1/12, 00:00:00",,"C.30.1"
3445,"30.11","Будування суден і плавучих конструкцій",3444,"1/1/12, 00:00:00",,"C.30.11"
3446,"30.12","Будування прогулянкових і спортивних човнів",3444,"1/1/12, 00:00:00",,"C.30.12"
3447,"30.2","Виробництво залізничних локомотивів і рухомого складу",3443,"1/1/12, 00:00:00",,"C.30.2"
3448,"30.20","Виробництво залізничних локомотивів і рухомого складу",3447,"1/1/12, 00:00:00",,"C.30.20"
3449,"30.3","Виробництво повітряних і космічних літальних апаратів, супутнього устатковання",3443,"1/1/12, 00:00:00",,"C.30.3"
3450,"30.30","Виробництво повітряних і космічних літальних апаратів, супутнього устатковання",3449,"1/1/12, 00:00:00",,"C.30.30"
3451,"30.4","Виробництво військових транспортних засобів",3443,"1/1/12, 00:00:00",,"C.30.4"
3452,"30.40","Виробництво військових транспортних засобів",3451,"1/1/12, 00:00:00",,"C.30.40"
3453,"30.9","Виробництво транспортних засобів, н. в. і. у.",3443,"1/1/12, 00:00:00",,"C.30.9"
3454,"30.91","Виробництво мотоциклів",3453,"1/1/12, 00:00:00",,"C.30.91"
3455,"30.92","Виробництво велосипедів, дитячих та інвалідних колясок",3453,"1/1/12, 00:00:00",,"C.30.92"
3456,"30.99","Виробництво інших транспортних засобів і обладнання, не віднесених до інших угруповань",3453,"1/1/12, 00:00:00",,"C.30.99"
3457,"31","Виробництво меблів",3561,"1/1/12, 00:00:00",,"C.31"
3458,"31.0","Виробництво меблів",3457,"1/1/12, 00:00:00",,"C.31.0"
3459,"31.01","Виробництво меблів для офісів і підприємств торгівлі",3458,"1/1/12, 00:00:00",,"C.31.01"
3460,"31.02","Виробництво кухонних меблів",3458,"1/1/12, 00:00:00",,"C.31.02"
3461,"31.03","Виробництво матраців",3458,"1/1/12, 00:00:00",,"C.31.03"
3462,"31.09","Виробництво інших меблів",3458,"1/1/12, 00:00:00",,"C.31.09"
3463,"32","Виробництво іншої продукції",3561,"1/1/12, 00:00:00",,"C.32"
3464,"32.1","Виробництво ювелірних виробів, біжутерії та подібних виробів",3463,"1/1/12, 00:00:00",,"C.32.1"
3465,"32.11","Карбування монет",3464,"1/1/12, 00:00:00",,"C.32.11"
3466,"32.12","Виробництво ювелірних і подібних виробів",3464,"1/1/12, 00:00:00",,"C.32.12"
3467,"32.13","Виробництво біжутерії та подібних виробів",3464,"1/1/12, 00:00:00",,"C.32.13"
3468,"32.2","Виробництво музичних інструментів",3463,"1/1/12, 00:00:00",,"C.32.2"
3469,"32.20","Виробництво музичних інструментів",3468,"1/1/12, 00:00:00",,"C.32.20"
3470,"32.3","Виробництво спортивних товарів",3463,"1/1/12, 00:00:00",,"C.32.3"
3471,"32.30","Виробництво спортивних товарів",3470,"1/1/12, 00:00:00",,"C.32.30"
3472,"32.4","Виробництво ігор та іграшок",3463,"1/1/12, 00:00:00",,"C.32.4"
3473,"A","СІЛЬСЬКЕ ГОСПОДАРСТВО, ЛІСОВЕ ГОСПОДАРСТВО ТА РИБНЕ ГОСПОДАРСТВО",,"1/1/12, 00:00:00",,"A"
3474,"01","Сільське господарство, мисливство та надання пов'язаних із ними послуг",3473,"1/1/12, 00:00:00",,"A.01"
3475,"01.1","Вирощування однорічних і дворічних культур",3474,"1/1/12, 00:00:00",,"A.01.1"
3476,"01.11","Вирощування зернових культур (крім рису), бобових культур і насіння олійних культур",3475,"1/1/12, 00:00:00",,"A.01.11"
3477,"01.12","Вирощування рису",3475,"1/1/12, 00:00:00",,"A.01.12"
3478,"01.13","Вирощування овочів і баштанних культур, коренеплодів і бульбоплодів",3475,"1/1/12, 00:00:00",,"A.01.13"
3479,"01.14","Вирощування цукрової тростини",3475,"1/1/12, 00:00:00",,"A.01.14"
3480,"01.15","Вирощування тютюну",3475,"1/1/12, 00:00:00",,"A.01.15"
3481,"01.16","Вирощування прядивних культур",3475,"1/1/12, 00:00:00",,"A.01.16"
3482,"01.19","Вирощування інших однорічних і дворічних культур",3475,"1/1/12, 00:00:00",,"A.01.19"
3483,"01.2","Вирощування багаторічних культур",3474,"1/1/12, 00:00:00",,"A.01.2"
3484,"01.21","Вирощування винограду",3483,"1/1/12, 00:00:00",,"A.01.21"
3485,"01.22","Вирощування тропічних і субтропічних фруктів",3483,"1/1/12, 00:00:00",,"A.01.22"
3486,"01.23","Вирощування цитрусових",3483,"1/1/12, 00:00:00",,"A.01.23"
3487,"01.24","Вирощування зерняткових і кісточкових фруктів",3483,"1/1/12, 00:00:00",,"A.01.24"
3488,"01.25","Вирощування ягід, горіхів, інших плодових дерев і чагарників",3483,"1/1/12, 00:00:00",,"A.01.25"
3489,"01.26","Вирощування олійних плодів",3483,"1/1/12, 00:00:00",,"A.01.26"
3490,"01.27","Вирощування культур для виробництва напоїв",3483,"1/1/12, 00:00:00",,"A.01.27"
3491,"01.28","Вирощування пряних, ароматичних і лікарських культур",3483,"1/1/12, 00:00:00",,"A.01.28"
3492,"01.29","Вирощування інших багаторічних культур",3483,"1/1/12, 00:00:00",,"A.01.29"
3493,"01.3","Відтворення рослин",3474,"1/1/12, 00:00:00",,"A.01.3"
3494,"01.30","Відтворення рослин",3493,"1/1/12, 00:00:00",,"A.01.30"
3495,"01.4","Тваринництво",3474,"1/1/12, 00:00:00",,"A.01.4"
3496,"01.41","Розведення великої рогатої худоби молочних порід",3495,"1/1/12, 00:00:00",,"A.01.41"
3497,"01.42","Розведення іншої великої рогатої худоби та буйволів",3495,"1/1/12, 00:00:00",,"A.01.42"
3498,"01.43","Розведення коней та інших тварин родини конячих",3495,"1/1/12, 00:00:00",,"A.01.43"
3499,"01.44","Розведення верблюдів та інших тварин родини верблюдячих",3495,"1/1/12, 00:00:00",,"A.01.44"
3500,"01.45","Розведення овець і кіз",3495,"1/1/12, 00:00:00",,"A.01.45"
3501,"01.46","Розведення свиней",3495,"1/1/12, 00:00:00",,"A.01.46"
3502,"01.47","Розведення свійської птиці",3495,"1/1/12, 00:00:00",,"A.01.47"
3503,"01.49","Розведення інших тварин",3495,"1/1/12, 00:00:00",,"A.01.49"
3504,"01.5","Змішане сільське господарство",3474,"1/1/12, 00:00:00",,"A.01.5"
3505,"01.50","Змішане сільське господарство",3504,"1/1/12, 00:00:00",,"A.01.50"
3506,"01.6","Допоміжна діяльність у сільському господарстві та післяурожайна діяльність",3474,"1/1/12, 00:00:00",,"A.01.6"
3507,"01.61","Допоміжна діяльність у рослинництві",3506,"1/1/12, 00:00:00",,"A.01.61"
3508,"01.62","Допоміжна діяльність у тваринництві",3506,"1/1/12, 00:00:00",,"A.01.62"
3509,"01.63","Післяурожайна діяльність",3506,"1/1/12, 00:00:00",,"A.01.63"
3510,"01.64","Оброблення насіння для відтворення",3506,"1/1/12, 00:00:00",,"A.01.64"
3511,"01.7","Мисливство, відловлювання тварин і надання пов'язаних із ними послуг",3474,"1/1/12, 00:00:00",,"A.01.7"
3512,"01.70","Мисливство, відловлювання тварин і надання пов'язаних із ними послуг",3511,"1/1/12, 00:00:00",,"A.01.70"
3513,"02","Лісове господарство та лісозаготівлі",3473,"1/1/12, 00:00:00",,"A.02"
3514,"02.1","Лісівництво та інша діяльність у лісовому господарстві",3513,"1/1/12, 00:00:00",,"A.02.1"
3515,"02.10","Лісівництво та інша діяльність у лісовому господарстві",3514,"1/1/12, 00:00:00",,"A.02.10"
3517,"02.2","Лісозаготівлі",3513,"1/1/12, 00:00:00",,"A.02.2"
3518,"02.20","Лісозаготівлі",3517,"1/1/12, 00:00:00",,"A.02.20"
3519,"02.3","Збирання дикорослих недеревних продуктів",3513,"1/1/12, 00:00:00",,"A.02.3"
3520,"02.30","Збирання дикорослих недеревних продуктів",3519,"1/1/12, 00:00:00",,"A.02.30"
3521,"02.4","Надання допоміжних послуг у лісовому господарстві",3513,"1/1/12, 00:00:00",,"A.02.4"
3522,"02.40","Надання допоміжних послуг у лісовому господарстві",3521,"1/1/12, 00:00:00",,"A.02.40"
3523,"03","Рибне господарство",3473,"1/1/12, 00:00:00",,"A.03"
3524,"03.1","Рибальство",3523,"1/1/12, 00:00:00",,"A.03.1"
3525,"03.11","Морське рибальство",3524,"1/1/12, 00:00:00",,"A.03.11"
3526,"03.12","Прісноводне рибальство",3524,"1/1/12, 00:00:00",,"A.03.12"
3527,"03.2","Рибництво (аквакультура)",3523,"1/1/12, 00:00:00",,"A.03.2"
3528,"03.21","Морське рибництво (аквакультура)",3527,"1/1/12, 00:00:00",,"A.03.21"
3529,"03.22","Прісноводне рибництво (аквакультура)",3527,"1/1/12, 00:00:00",,"A.03.22"
3530,"B","ДОБУВНА ПРОМИСЛОВІСТЬ І РОЗРОБЛЕННЯ КАР'ЄРІВ",,"1/1/12, 00:00:00",,"B"
3531,"05","Добування кам'яного та бурого вугілля",3530,"1/1/12, 00:00:00",,"B.05"
3532,"05.1","Добування кам'яного вугілля",3531,"1/1/12, 00:00:00",,"B.05.1"
3533,"05.10","Добування кам'яного вугілля",3532,"1/1/12, 00:00:00",,"B.05.10"
3534,"05.2","Добування бурого вугілля",3531,"1/1/12, 00:00:00",,"B.05.2"
3535,"05.20","Добування бурого вугілля",3534,"1/1/12, 00:00:00",,"B.05.20"
3536,"06","Добування сирої нафти та природного газу",3530,"1/1/12, 00:00:00",,"B.06"
3537,"06.1","Добування сирої нафти",3536,"1/1/12, 00:00:00",,"B.06.1"
3538,"06.10","Добування сирої нафти",3537,"1/1/12, 00:00:00",,"B.06.10"
3539,"06.2","Добування природного газу",3536,"1/1/12, 00:00:00",,"B.06.2"
3540,"06.20","Добування природного газу",3539,"1/1/12, 00:00:00",,"B.06.20"
3541,"07","Добування металевих руд",3530,"1/1/12, 00:00:00",,"B.07"
3542,"07.1","Добування залізних руд",3541,"1/1/12, 00:00:00",,"B.07.1"
3543,"07.10","Добування залізних руд",3542,"1/1/12, 00:00:00",,"B.07.10"
3544,"07.2","Добування руд кольорових металів",3541,"1/1/12, 00:00:00",,"B.07.2"
3545,"07.21","Добування уранових і торієвих руд",3544,"1/1/12, 00:00:00",,"B.07.21"
3546,"07.29","Добування руд інших кольорових металів",3544,"1/1/12, 00:00:00",,"B.07.29"
3547,"08","Добування інших корисних копалин і розроблення кар'єрів",3530,"1/1/12, 00:00:00",,"B.08"
3548,"08.1","Добування каменю, піску та глини",3547,"1/1/12, 00:00:00",,"B.08.1"
3549,"08.11","Добування декоративного та будівельного каменю, вапняку, гіпсу, крейди та глинистого сланцю",3548,"1/1/12, 00:00:00",,"B.08.11"
3550,"08.12","Добування піску, гравію, глин і каоліну",3548,"1/1/12, 00:00:00",,"B.08.12"
3551,"08.9","Добування корисних копалин та розроблення кар'єрів, н. в. і. у.",3547,"1/1/12, 00:00:00",,"B.08.9"
3552,"08.91","Добування мінеральної сировини для хімічної промисловості та виробництва мінеральних добрив",3551,"1/1/12, 00:00:00",,"B.08.91"
3553,"08.92","Добування торфу",3551,"1/1/12, 00:00:00",,"B.08.92"
3554,"08.93","Добування солі",3551,"1/1/12, 00:00:00",,"B.08.93"
3555,"08.99","Добування інших корисних копалин та розроблення кар'єрів, н. в. і. у.",3551,"1/1/12, 00:00:00",,"B.08.99"
3556,"09","Надання допоміжних послуг у сфері добувної промисловості та розроблення кар'єрів",3530,"1/1/12, 00:00:00",,"B.09"
3557,"09.1","Надання допоміжних послуг у сфері добування нафти та природного газу",3556,"1/1/12, 00:00:00",,"B.09.1"
3558,"09.10","Надання допоміжних послуг у сфері добування нафти та природного газу",3557,"1/1/12, 00:00:00",,"B.09.10"
3559,"09.9","Надання допоміжних послуг у сфері добування інших корисних копалин і розроблення кар'єрів",3556,"1/1/12, 00:00:00",,"B.09.9"
3560,"09.90","Надання допоміжних послуг у сфері добування інших корисних копалин і розроблення кар'єрів",3559,"1/1/12, 00:00:00",,"B.09.90"
3561,"C","ПЕРЕРОБНА ПРОМИСЛОВІСТЬ",,"1/1/12, 00:00:00",,"C"
3562,"10","Виробництво харчових продуктів",3561,"1/1/12, 00:00:00",,"C.10"
3563,"10.1","Виробництво м'яса та м'ясних продуктів",3562,"1/1/12, 00:00:00",,"C.10.1"
3564,"10.11","Виробництво м'яса",3563,"1/1/12, 00:00:00",,"C.10.11"
3565,"10.12","Виробництво м'яса свійської птиці",3563,"1/1/12, 00:00:00",,"C.10.12"
3566,"10.13","Виробництво м'ясних продуктів",3563,"1/1/12, 00:00:00",,"C.10.13"
3567,"10.2","Перероблення та консервування риби, ракоподібних і молюсків",3562,"1/1/12, 00:00:00",,"C.10.2"
3568,"10.20","Перероблення та консервування риби, ракоподібних і молюсків",3567,"1/1/12, 00:00:00",,"C.10.20"
3569,"10.3","Перероблення та консервування фруктів і овочів",3562,"1/1/12, 00:00:00",,"C.10.3"
3570,"10.31","Перероблення та консервування картоплі",3569,"1/1/12, 00:00:00",,"C.10.31"
3571,"10.32","Виробництво фруктових і овочевих соків",3569,"1/1/12, 00:00:00",,"C.10.32"
3572,"10.39","Інші види перероблення та консервування фруктів і овочів",3569,"1/1/12, 00:00:00",,"C.10.39"
3573,"10.4","Виробництво олії та тваринних жирів",3562,"1/1/12, 00:00:00",,"C.10.4"
3574,"10.41","Виробництво олії та тваринних жирів",3573,"1/1/12, 00:00:00",,"C.10.41"
3575,"10.42","Виробництво маргарину і подібних харчових жирів",3573,"1/1/12, 00:00:00",,"C.10.42"
3576,"10.5","Виробництво молочних продуктів",3562,"1/1/12, 00:00:00",,"C.10.5"
3577,"10.51","Перероблення молока, виробництво масла та сиру",3576,"1/1/12, 00:00:00",,"C.10.51"
3578,"10.52","Виробництво морозива",3576,"1/1/12, 00:00:00",,"C.10.52"
3579,"10.6","Виробництво продуктів борошномельно-круп'яної промисловості, крохмалів і крохмальних продуктів",3562,"1/1/12, 00:00:00",,"C.10.6"
3580,"10.61","Виробництво продуктів борошномельно-круп'яної промисловості",3579,"1/1/12, 00:00:00",,"C.10.61"
3581,"10.62","Виробництво крохмалів і крохмальних продуктів",3579,"1/1/12, 00:00:00",,"C.10.62"
3582,"10.7","Виробництво хліба, хлібобулочних і борошняних виробів",3562,"1/1/12, 00:00:00",,"C.10.7"
3583,"10.71","Виробництво хліба та хлібобулочних виробів; виробництво борошняних кондитерських виробів, тортів і тістечок нетривалого зберігання",3582,"1/1/12, 00:00:00",,"C.10.71"
3584,"10.72","Виробництво сухарів і сухого печива; виробництво борошняних кондитерських виробів, тортів і тістечок тривалого зберігання",3582,"1/1/12, 00:00:00",,"C.10.72"
3585,"10.73","Виробництво макаронних виробів і подібних борошняних виробів",3582,"1/1/12, 00:00:00",,"C.10.73"
3586,"10.8","Виробництво інших харчових продуктів",3562,"1/1/12, 00:00:00",,"C.10.8"
3587,"10.81","Виробництво цукру",3586,"1/1/12, 00:00:00",,"C.10.81"
3588,"10.82","Виробництво какао, шоколаду та цукрових кондитерських виробів",3586,"1/1/12, 00:00:00",,"C.10.82"
3589,"10.83","Виробництво чаю та кави",3586,"1/1/12, 00:00:00",,"C.10.83"
3590,"10.84","Виробництво прянощів і приправ",3586,"1/1/12, 00:00:00",,"C.10.84"
3591,"10.85","Виробництво готової їжі та страв",3586,"1/1/12, 00:00:00",,"C.10.85"
3592,"10.86","Виробництво дитячого харчування та дієтичних харчових продуктів",3586,"1/1/12, 00:00:00",,"C.10.86"
3593,"10.89","Виробництво інших харчових продуктів, не віднесених до інших угруповань",3586,"1/1/12, 00:00:00",,"C.10.89"
3594,"10.9","Виробництво готових кормів для тварин",3562,"1/1/12, 00:00:00",,"C.10.9"
3595,"10.91","Виробництво готових кормів для тварин, що утримуються на фермах",3594,"1/1/12, 00:00:00",,"C.10.91"
3596,"10.92","Виробництво готових кормів для домашніх тварин",3594,"1/1/12, 00:00:00",,"C.10.92"
3597,"11","Виробництво напоїв",3561,"1/1/12, 00:00:00",,"C.11"
3598,"11.0","Виробництво напоїв",3597,"1/1/12, 00:00:00",,"C.11.0"
3599,"11.01","Дистиляція, ректифікація та змішування спиртних напоїв",3598,"1/1/12, 00:00:00",,"C.11.01"
3600,"11.02","Виробництво виноградних вин",3598,"1/1/12, 00:00:00",,"C.11.02"
3601,"11.03","Виробництво сидру та інших плодово-ягідних вин",3598,"1/1/12, 00:00:00",,"C.11.03"
3602,"11.04","Виробництво інших недистильованих напоїв із зброджуваних продуктів",3598,"1/1/12, 00:00:00",,"C.11.04"
3603,"11.05","Виробництво пива",3598,"1/1/12, 00:00:00",,"C.11.05"
3604,"11.06","Виробництво солоду",3598,"1/1/12, 00:00:00",,"C.11.06"
3605,"11.07","Виробництво безалкогольних напоїв; виробництво мінеральних вод та інших вод, розлитих у пляшки",3598,"1/1/12, 00:00:00",,"C.11.07"
3606,"12","Виробництво тютюнових виробів",3561,"1/1/12, 00:00:00",,"C.12"
3607,"12.0","Виробництво тютюнових виробів",3606,"1/1/12, 00:00:00",,"C.12.0"
3608,"12.00","Виробництво тютюнових виробів",3607,"1/1/12, 00:00:00",,"C.12.00"
3609,"13","Текстильне виробництво",3561,"1/1/12, 00:00:00",,"C.13"
3610,"13.1","Підготування та прядіння текстильних волокон",3609,"1/1/12, 00:00:00",,"C.13.1"
3611,"13.10","Підготування та прядіння текстильних волокон",3610,"1/1/12, 00:00:00",,"C.13.10"
3612,"13.2","Ткацьке виробництво",3609,"1/1/12, 00:00:00",,"C.13.2"
3613,"13.20","Ткацьке виробництво",3612,"1/1/12, 00:00:00",,"C.13.20"
3614,"13.3","Оздоблення текстильних виробів",3609,"1/1/12, 00:00:00",,"C.13.3"
3615,"13.30","Оздоблення текстильних виробів",3614,"1/1/12, 00:00:00",,"C.13.30"
3616,"13.9","Виробництво інших текстильних виробів",3609,"1/1/12, 00:00:00",,"C.13.9"
3617,"13.91","Виробництво трикотажного полотна",3616,"1/1/12, 00:00:00",,"C.13.91"
3618,"13.92","Виробництво готових текстильних виробів, крім одягу",3616,"1/1/12, 00:00:00",,"C.13.92"
3619,"13.93","Виробництво килимів і килимових виробів",3616,"1/1/12, 00:00:00",,"C.13.93"
3620,"13.94","Виробництво канатів, мотузок, шпагату та сіток",3616,"1/1/12, 00:00:00",,"C.13.94"
3621,"13.95","Виробництво нетканих текстильних матеріалів і виробів із них, крім одягу",3616,"1/1/12, 00:00:00",,"C.13.95"
3622,"13.96","Виробництво інших текстильних виробів технічного та промислового призначення",3616,"1/1/12, 00:00:00",,"C.13.96"
3623,"13.99","Виробництво інших текстильних виробів, н. в. і. у.",3616,"1/1/12, 00:00:00",,"C.13.99"
3624,"14","Виробництво одягу",3561,"1/1/12, 00:00:00",,"C.14"
3625,"14.1","Виробництво одягу, крім хутряного",3624,"1/1/12, 00:00:00",,"C.14.1"
3626,"14.11","Виробництво одягу зі шкіри",3625,"1/1/12, 00:00:00",,"C.14.11"
3627,"14.12","Виробництво робочого одягу",3625,"1/1/12, 00:00:00",,"C.14.12"
3628,"14.13","Виробництво іншого верхнього одягу",3625,"1/1/12, 00:00:00",,"C.14.13"
3629,"14.14","Виробництво спіднього одягу",3625,"1/1/12, 00:00:00",,"C.14.14"
3630,"14.19","Виробництво іншого одягу й аксесуарів",3625,"1/1/12, 00:00:00",,"C.14.19"
3631,"14.2","Виготовлення виробів із хутра",3624,"1/1/12, 00:00:00",,"C.14.2"
3632,"14.20","Виготовлення виробів із хутра",3631,"1/1/12, 00:00:00",,"C.14.20"
3633,"14.3","Виробництво трикотажного та в'язаного одягу",3624,"1/1/12, 00:00:00",,"C.14.3"
3634,"14.31","Виробництво панчішно-шкарпеткових виробів",3633,"1/1/12, 00:00:00",,"C.14.31"
3635,"14.39","Виробництво іншого трикотажного та в'язаного одягу",3633,"1/1/12, 00:00:00",,"C.14.39"
3636,"15","Виробництво шкіри, виробів зі шкіри та інших матеріалів",3561,"1/1/12, 00:00:00",,"C.15"
3637,"15.1","Дублення шкур і оздоблення шкіри; виробництво дорожніх виробів, сумок, лимарно-сідельних виробів; вичинка та фарбування хутра",3636,"1/1/12, 00:00:00",,"C.15.1"
3638,"15.11","Дублення шкур і оздоблення шкіри; вичинка та фарбування хутра",3637,"1/1/12, 00:00:00",,"C.15.11"
3639,"15.12","Виробництво дорожніх виробів, сумок, лимарно-сідельних виробів зі шкіри та інших матеріалів",3637,"1/1/12, 00:00:00",,"C.15.12"
3640,"15.2","Виробництво взуття",3636,"1/1/12, 00:00:00",,"C.15.2"
3641,"15.20","Виробництво взуття",3640,"1/1/12, 00:00:00",,"C.15.20"
3642,"16","Оброблення деревини та виготовлення виробів з деревини та корка, крім меблів; виготовлення виробів із соломки та рослинних матеріалів для плетіння",3561,"1/1/12, 00:00:00",,"C.16"
3643,"16.1","Лісопильне та стругальне виробництво",3642,"1/1/12, 00:00:00",,"C.16.1"
3644,"16.10","Лісопильне та стругальне виробництво",3643,"1/1/12, 00:00:00",,"C.16.10"
3645,"16.2","Виготовлення виробів з деревини, корка, соломки та рослинних матеріалів для плетіння",3642,"1/1/12, 00:00:00",,"C.16.2"
3646,"16.21","Виробництво фанери, дерев'яних плит і панелей, шпону",3645,"1/1/12, 00:00:00",,"C.16.21"
3647,"16.22","Виробництво щитового паркету",3645,"1/1/12, 00:00:00",,"C.16.22"
3648,"16.23","Виробництво інших дерев'яних будівельних конструкцій і столярних виробів",3645,"1/1/12, 00:00:00",,"C.16.23"
3649,"16.24","Виробництво дерев'яної тари",3645,"1/1/12, 00:00:00",,"C.16.24"
3650,"16.29","Виробництво інших виробів з деревини; виготовлення виробів з корка, соломки та рослинних матеріалів для плетіння",3645,"1/1/12, 00:00:00",,"C.16.29"
3651,"17","Виробництво паперу та паперових виробів",3561,"1/1/12, 00:00:00",,"C.17"
3652,"17.1","Виробництво паперової маси, паперу та картону",3651,"1/1/12, 00:00:00",,"C.17.1"
3653,"17.11","Виробництво паперової маси",3652,"1/1/12, 00:00:00",,"C.17.11"
3654,"17.12","Виробництво паперу та картону",3652,"1/1/12, 00:00:00",,"C.17.12"
3655,"17.2","Виготовлення виробів з паперу та картону",3651,"1/1/12, 00:00:00",,"C.17.2"
3656,"17.21","Виробництво гофрованого паперу та картону, паперової та картонної тари",3655,"1/1/12, 00:00:00",,"C.17.21"
3657,"17.22","Виробництво паперових виробів господарсько-побутового та санітарно-гігієнічного призначення",3655,"1/1/12, 00:00:00",,"C.17.22"
3658,"17.23","Виробництво паперових канцелярських виробів",3655,"1/1/12, 00:00:00",,"C.17.23"
3659,"17.24","Виробництво шпалер",3655,"1/1/12, 00:00:00",,"C.17.24"
3660,"17.29","Виробництво інших виробів з паперу та картону",3655,"1/1/12, 00:00:00",,"C.17.29"
3661,"18","Поліграфічна діяльність, тиражування записаної інформації",3561,"1/1/12, 00:00:00",,"C.18"
3662,"18.1","Поліграфічна діяльність і надання пов'язаних із нею послуг",3661,"1/1/12, 00:00:00",,"C.18.1"
3663,"18.11","Друкування газет",3662,"1/1/12, 00:00:00",,"C.18.11"
3664,"18.12","Друкування іншої продукції",3662,"1/1/12, 00:00:00",,"C.18.12"
3665,"18.13","Виготовлення друкарських форм і надання інших поліграфічних послуг",3662,"1/1/12, 00:00:00",,"C.18.13"
3666,"18.14","Брошурувально-палітурна діяльність і надання пов'язаних із нею послуг",3662,"1/1/12, 00:00:00",,"C.18.14"
3667,"18.2","Тиражування звуко-, відеозаписів і програмного забезпечення",3661,"1/1/12, 00:00:00",,"C.18.2"
3668,"18.20","Тиражування звуко-, відеозаписів і програмного забезпечення",3667,"1/1/12, 00:00:00",,"C.18.20"
3669,"19","Виробництво коксу та продуктів нафтоперероблення",3561,"1/1/12, 00:00:00",,"C.19"
3670,"19.1","Виробництво коксу та коксопродуктів",3669,"1/1/12, 00:00:00",,"C.19.1"
3671,"19.10","Виробництво коксу та коксопродуктів",3670,"1/1/12, 00:00:00",,"C.19.10"
3672,"19.2","Виробництво продуктів нафтоперероблення",3669,"1/1/12, 00:00:00",,"C.19.2"
3673,"19.20","Виробництво продуктів нафтоперероблення",3672,"1/1/12, 00:00:00",,"C.19.20"
3674,"20","Виробництво хімічних речовин і хімічної продукції",3561,"1/1/12, 00:00:00",,"C.20"
3675,"20.1","Виробництво основної хімічної продукції, добрив і азотних сполук, пластмас і синтетичного каучуку в первинних формах",3674,"1/1/12, 00:00:00",,"C.20.1"
3676,"20.11","Виробництво промислових газів",3675,"1/1/12, 00:00:00",,"C.20.11"
3677,"20.12","Виробництво барвників і пігментів",3675,"1/1/12, 00:00:00",,"C.20.12"
3678,"20.13","Виробництво інших основних неорганічних хімічних речовин",3675,"1/1/12, 00:00:00",,"C.20.13"
3679,"20.14","Виробництво інших основних органічних хімічних речовин",3675,"1/1/12, 00:00:00",,"C.20.14"
3680,"20.15","Виробництво добрив і азотних сполук",3675,"1/1/12, 00:00:00",,"C.20.15"
3681,"20.16","Виробництво пластмас у первинних формах",3675,"1/1/12, 00:00:00",,"C.20.16"
3682,"20.17","Виробництво синтетичного каучуку в первинних формах",3675,"1/1/12, 00:00:00",,"C.20.17"
3683,"20.2","Виробництво пестицидів та іншої агрохімічної продукції",3674,"1/1/12, 00:00:00",,"C.20.2"
3684,"20.20","Виробництво пестицидів та іншої агрохімічної продукції",3683,"1/1/12, 00:00:00",,"C.20.20"
3685,"20.3","Виробництво фарб, лаків і подібної продукції, друкарської фарби та мастик",3674,"1/1/12, 00:00:00",,"C.20.3"
3686,"20.30","Виробництво фарб, лаків і подібної продукції, друкарської фарби та мастик",3685,"1/1/12, 00:00:00",,"C.20.30"
3687,"20.4","Виробництво мила та мийних засобів, засобів для чищення та полірування, парфумних і косметичних засобів",3674,"1/1/12, 00:00:00",,"C.20.4"
3688,"20.41","Виробництво мила та мийних засобів, засобів для чищення та полірування",3687,"1/1/12, 00:00:00",,"C.20.41"
3689,"20.42","Виробництво парфумних і косметичних засобів",3687,"1/1/12, 00:00:00",,"C.20.42"
3690,"20.5","Виробництво іншої хімічної продукції",3674,"1/1/12, 00:00:00",,"C.20.5"
3691,"20.51","Виробництво вибухових речовин",3690,"1/1/12, 00:00:00",,"C.20.51"
3692,"20.52","Виробництво клеїв",3690,"1/1/12, 00:00:00",,"C.20.52"
3693,"20.53","Виробництво ефірних олій",3690,"1/1/12, 00:00:00",,"C.20.53"
3694,"20.59","Виробництво іншої хімічної продукції, н. в. і. у.",3690,"1/1/12, 00:00:00",,"C.20.59"
3695,"20.6","Виробництво штучних і синтетичних волокон",3674,"1/1/12, 00:00:00",,"C.20.6"
3696,"20.60","Виробництво штучних і синтетичних волокон",3695,"1/1/12, 00:00:00",,"C.20.60"
3697,"21","Виробництво основних фармацевтичних продуктів і фармацевтичних препаратів",3561,"1/1/12, 00:00:00",,"C.21"
3698,"21.1","Виробництво основних фармацевтичних продуктів",3697,"1/1/12, 00:00:00",,"C.21.1"
3699,"21.10","Виробництво основних фармацевтичних продуктів",3698,"1/1/12, 00:00:00",,"C.21.10"
3700,"21.2","Виробництво фармацевтичних препаратів і матеріалів",3697,"1/1/12, 00:00:00",,"C.21.2"
3701,"21.20","Виробництво фармацевтичних препаратів і матеріалів",3700,"1/1/12, 00:00:00",,"C.21.20"
3702,"22","Виробництво гумових і пластмасових виробів",3561,"1/1/12, 00:00:00",,"C.22"
3703,"22.1","Виробництво гумових виробів",3702,"1/1/12, 00:00:00",,"C.22.1"
3704,"22.11","Виробництво гумових шин, покришок і камер; відновлення протектора гумових шин і покришок",3703,"1/1/12, 00:00:00",,"C.22.11"
3705,"22.19","Виробництво інших гумових виробів",3703,"1/1/12, 00:00:00",,"C.22.19"
3706,"22.2","Виробництво пластмасових виробів",3702,"1/1/12, 00:00:00",,"C.22.2"
3707,"22.21","Виробництво плит, листів, труб і профілів із пластмас",3706,"1/1/12, 00:00:00",,"C.22.21"
3708,"22.22","Виробництво тари з пластмас",3706,"1/1/12, 00:00:00",,"C.22.22"
3709,"22.23","Виробництво будівельних виробів із пластмас",3706,"1/1/12, 00:00:00",,"C.22.23"
3710,"22.29","Виробництво інших виробів із пластмас",3706,"1/1/12, 00:00:00",,"C.22.29"
3711,"23","Виробництво іншої неметалевої мінеральної продукції",3561,"1/1/12, 00:00:00",,"C.23"
3712,"23.1","Виробництво скла та виробів зі скла",3711,"1/1/12, 00:00:00",,"C.23.1"
3713,"23.11","Виробництво листового скла",3712,"1/1/12, 00:00:00",,"C.23.11"
3714,"23.12","Формування й оброблення листового скла",3712,"1/1/12, 00:00:00",,"C.23.12"
3715,"23.13","Виробництво порожнистого скла",3712,"1/1/12, 00:00:00",,"C.23.13"
3716,"23.14","Виробництво скловолокна",3712,"1/1/12, 00:00:00",,"C.23.14"
3717,"23.19","Виробництво й оброблення інших скляних виробів, у тому числі технічних",3712,"1/1/12, 00:00:00",,"C.23.19"
3718,"23.2","Виробництво вогнетривких виробів",3711,"1/1/12, 00:00:00",,"C.23.2"
3719,"23.20","Виробництво вогнетривких виробів",3718,"1/1/12, 00:00:00",,"C.23.20"
3720,"23.3","Виробництво будівельних матеріалів із глини",3711,"1/1/12, 00:00:00",,"C.23.3"
3721,"23.31","Виробництво керамічних плиток і плит",3720,"1/1/12, 00:00:00",,"C.23.31"
3722,"23.32","Виробництво цегли, черепиці та інших будівельних виробів із випаленої глини",3720,"1/1/12, 00:00:00",,"C.23.32"
3723,"23.4","Виробництво іншої продукції з фарфору та кераміки",3711,"1/1/12, 00:00:00",,"C.23.4"
3724,"23.41","Виробництво господарських і декоративних керамічних виробів",3723,"1/1/12, 00:00:00",,"C.23.41"
3725,"23.42","Виробництво керамічних санітарно-технічних виробів",3723,"1/1/12, 00:00:00",,"C.23.42"
3726,"23.43","Виробництво керамічних електроізоляторів та ізоляційної арматури",3723,"1/1/12, 00:00:00",,"C.23.43"
3727,"23.44","Виробництво інших керамічних виробів технічного призначення",3723,"1/1/12, 00:00:00",,"C.23.44"
3728,"23.49","Виробництво інших керамічних виробів",3723,"1/1/12, 00:00:00",,"C.23.49"
3729,"23.5","Виробництво цементу, вапна та гіпсових сумішей",3711,"1/1/12, 00:00:00",,"C.23.5"
3730,"23.51","Виробництво цементу",3729,"1/1/12, 00:00:00",,"C.23.51"
3731,"23.52","Виробництво вапна та гіпсових сумішей",3729,"1/1/12, 00:00:00",,"C.23.52"
3732,"23.6","Виготовлення виробів із бетону, гіпсу та цементу",3711,"1/1/12, 00:00:00",,"C.23.6"
3733,"23.61","Виготовлення виробів із бетону для будівництва",3732,"1/1/12, 00:00:00",,"C.23.61"
3734,"23.62","Виготовлення виробів із гіпсу для будівництва",3732,"1/1/12, 00:00:00",,"C.23.62"
3735,"23.63","Виробництво бетонних розчинів, готових для використання",3732,"1/1/12, 00:00:00",,"C.23.63"
3736,"23.64","Виробництво сухих будівельних сумішей",3732,"1/1/12, 00:00:00",,"C.23.64"
3737,"23.65","Виготовлення виробів із волокнистого цементу",3732,"1/1/12, 00:00:00",,"C.23.65"
3738,"23.69","Виробництво інших виробів із бетону гіпсу та цементу",3732,"1/1/12, 00:00:00",,"C.23.69"
3739,"23.7","Різання, оброблення та оздоблення декоративного та будівельного каменю",3711,"1/1/12, 00:00:00",,"C.23.7"
3740,"23.70","Різання, оброблення та оздоблення декоративного та будівельного каменю",3739,"1/1/12, 00:00:00",,"C.23.70"
3741,"23.9","Виробництво абразивних виробів і неметалевих мінеральних виробів, не віднесених до інших угруповань",3711,"1/1/12, 00:00:00",,"C.23.9"
3742,"23.91","Виробництво абразивних виробів",3741,"1/1/12, 00:00:00",,"C.23.91"
3743,"23.99","Виробництво неметалевих мінеральних виробів, н. в. і. у.",3741,"1/1/12, 00:00:00",,"C.23.99"
3744,"24","Металургійне виробництво",3561,"1/1/12, 00:00:00",,"C.24"
3745,"24.1","Виробництво чавуну, сталі та феросплавів",3744,"1/1/12, 00:00:00",,"C.24.1"
3746,"24.10","Виробництво чавуну сталі та феросплавів",3745,"1/1/12, 00:00:00",,"C.24.10"
3747,"24.2","Виробництво труб, порожнистих профілів і фітингів зі сталі",3744,"1/1/12, 00:00:00",,"C.24.2"
3748,"24.20","Виробництво труб, порожнистих профілів і фітингів зі сталі",3747,"1/1/12, 00:00:00",,"C.24.20"
3749,"24.3","Виробництво іншої продукції первинного оброблення сталі",3744,"1/1/12, 00:00:00",,"C.24.3"
3750,"24.31","Холодне волочіння прутків і профілів",3749,"1/1/12, 00:00:00",,"C.24.31"
3751,"24.32","Холодний прокат вузької штаби",3749,"1/1/12, 00:00:00",,"C.24.32"
3752,"24.33","Холодне штампування та гнуття",3749,"1/1/12, 00:00:00",,"C.24.33"
3753,"24.34","Холодне волочіння дроту",3749,"1/1/12, 00:00:00",,"C.24.34"
3754,"24.4","Виробництво дорогоцінних та інших кольорових металів",3744,"1/1/12, 00:00:00",,"C.24.4"
3755,"24.41","Виробництво дорогоцінних металів",3754,"1/1/12, 00:00:00",,"C.24.41"
3756,"24.42","Виробництво алюмінію",3754,"1/1/12, 00:00:00",,"C.24.42"
3757,"24.43","Виробництво свинцю, цинку й олова",3754,"1/1/12, 00:00:00",,"C.24.43"
3758,"24.44","Виробництво міді",3754,"1/1/12, 00:00:00",,"C.24.44"
3759,"24.45","Виробництво інших кольорових металів",3754,"1/1/12, 00:00:00",,"C.24.45"
3760,"24.46","Виробництво ядерних матеріалів",3754,"1/1/12, 00:00:00",,"C.24.46"
3761,"24.5","Лиття металів",3744,"1/1/12, 00:00:00",,"C.24.5"
3762,"24.51","Лиття чавуну",3761,"1/1/12, 00:00:00",,"C.24.51"
3763,"24.52","Лиття сталі",3761,"1/1/12, 00:00:00",,"C.24.52"
3764,"24.53","Лиття легких кольорових металів",3761,"1/1/12, 00:00:00",,"C.24.53"
3765,"24.54","Лиття інших кольорових металів",3761,"1/1/12, 00:00:00",,"C.24.54"
3766,"25","Виробництво готових металевих виробів, крім машин і устатковання",3561,"1/1/12, 00:00:00",,"C.25"
3767,"25.1","Виробництво будівельних металевих конструкцій і виробів",3766,"1/1/12, 00:00:00",,"C.25.1"
3768,"25.11","Виробництво будівельних металевих конструкцій і частин конструкцій",3767,"1/1/12, 00:00:00",,"C.25.11"
3769,"25.12","Виробництво металевих дверей і вікон",3767,"1/1/12, 00:00:00",,"C.25.12"
3770,"25.2","Виробництво металевих баків, резервуарів і контейнерів",3766,"1/1/12, 00:00:00",,"C.25.2"
3771,"25.21","Виробництво радіаторів і котлів центрального опалення",3770,"1/1/12, 00:00:00",,"C.25.21"
3772,"25.29","Виробництво інших металевих баків, резервуарів і контейнерів",3770,"1/1/12, 00:00:00",,"C.25.29"
3773,"25.3","Виробництво парових котлів, крім котлів центрального опалення",3766,"1/1/12, 00:00:00",,"C.25.3"
3774,"25.30","Виробництво парових котлів, крім котлів центрального опалення",3773,"1/1/12, 00:00:00",,"C.25.30"
3775,"25.4","Виробництво зброї та боєприпасів",3766,"1/1/12, 00:00:00",,"C.25.4"
3776,"25.40","Виробництво зброї та боєприпасів",3775,"1/1/12, 00:00:00",,"C.25.40"
3777,"25.5","Кування, пресування, штампування, профілювання; порошкова металургія",3766,"1/1/12, 00:00:00",,"C.25.5"
3778,"25.50","Кування, пресування, штампування, профілювання; порошкова металургія",3777,"1/1/12, 00:00:00",,"C.25.50"
3779,"25.6","Оброблення металів та нанесення покриття на метали; механічне оброблення металевих виробів",3766,"1/1/12, 00:00:00",,"C.25.6"
3780,"25.61","Оброблення металів та нанесення покриття на метали",3779,"1/1/12, 00:00:00",,"C.25.61"
3781,"25.62","Механічне оброблення металевих виробів",3779,"1/1/12, 00:00:00",,"C.25.62"
3782,"25.7","Виробництво столових приборів, інструментів і металевих виробів загального призначення",3766,"1/1/12, 00:00:00",,"C.25.7"
3783,"25.71","Виробництво столових приборів",3782,"1/1/12, 00:00:00",,"C.25.71"
3784,"25.72","Виробництво замків і дверних петель",3782,"1/1/12, 00:00:00",,"C.25.72"
3785,"25.73","Виробництво інструментів",3782,"1/1/12, 00:00:00",,"C.25.73"
3786,"25.9","Виробництво інших готових металевих виробів",3766,"1/1/12, 00:00:00",,"C.25.9"
3787,"25.91","Виробництво сталевих бочок і подібних контейнерів",3786,"1/1/12, 00:00:00",,"C.25.91"
3788,"25.92","Виробництво легких металевих паковань",3786,"1/1/12, 00:00:00",,"C.25.92"
3789,"25.93","Виробництво виробів із дроту, ланцюгів і пружин",3786,"1/1/12, 00:00:00",,"C.25.93"
3790,"25.94","Виробництво кріпильних і ґвинтонарізних виробів",3786,"1/1/12, 00:00:00",,"C.25.94"
3791,"25.99","Виробництво інших готових металевих виробів, н. в. і. у.",3786,"1/1/12, 00:00:00",,"C.25.99"
3792,"26","Виробництво комп'ютерів, електронної та оптичної продукції",3561,"1/1/12, 00:00:00",,"C.26"
3793,"26.1","Виробництво електронних компонентів і плат",3792,"1/1/12, 00:00:00",,"C.26.1"
3794,"26.11","Виробництво електронних компонентів",3793,"1/1/12, 00:00:00",,"C.26.11"
3795,"26.12","Виробництво змонтованих електронних плат",3793,"1/1/12, 00:00:00",,"C.26.12"
3796,"26.2","Виробництво комп'ютерів і периферійного устатковання",3792,"1/1/12, 00:00:00",,"C.26.2"
3797,"26.20","Виробництво комп'ютерів і периферійного устатковання",3796,"1/1/12, 00:00:00",,"C.26.20"
3798,"26.3","Виробництво обладнання зв'язку",3792,"1/1/12, 00:00:00",,"C.26.3"
3799,"26.30","Виробництво обладнання зв'язку",3798,"1/1/12, 00:00:00",,"C.26.30"
3800,"26.4","Виробництво електронної апаратури побутового призначення для приймання, записування та відтворювання звуку й зображення",3792,"1/1/12, 00:00:00",,"C.26.4"
3801,"26.40","Виробництво електронної апаратури побутового призначення для приймання, записування та відтворювання звуку й зображення",3800,"1/1/12, 00:00:00",,"C.26.40"
3802,"26.5","Виробництво інструментів і обладнання для вимірювання, дослідження та навігації; виробництво годинників",3792,"1/1/12, 00:00:00",,"C.26.5"
3803,"26.51","Виробництво інструментів і обладнання для вимірювання, дослідження та навігації",3802,"1/1/12, 00:00:00",,"C.26.51"
3804,"26.52","Виробництво годинників",3802,"1/1/12, 00:00:00",,"C.26.52"
3805,"26.6","Виробництво радіологічного, електромедичного й електротерапевтичного устатковання",3792,"1/1/12, 00:00:00",,"C.26.6"
3806,"26.60","Виробництво радіологічного, електромедичного й електротерапевтичного устатковання",3805,"1/1/12, 00:00:00",,"C.26.60"
3807,"26.7","Виробництво оптичних приладів і фотографічного устатковання",3792,"1/1/12, 00:00:00",,"C.26.7"
3808,"26.70","Виробництво оптичних приладів і фотографічного устатковання",3807,"1/1/12, 00:00:00",,"C.26.70"
3809,"26.8","Виробництво магнітних і оптичних носіїв даних",3792,"1/1/12, 00:00:00",,"C.26.8"
3810,"26.80","Виробництво магнітних і оптичних носіїв даних",3809,"1/1/12, 00:00:00",,"C.26.80"
3811,"27","Виробництво електричного устатковання",3561,"1/1/12, 00:00:00",,"C.27"
3812,"27.1","Виробництво електродвигунів, генераторів, трансформаторів, електророзподільчої та контрольної апаратури",3811,"1/1/12, 00:00:00",,"C.27.1"
3813,"27.11","Виробництво електродвигунів, генераторів і трансформаторів",3812,"1/1/12, 00:00:00",,"C.27.11"
3814,"27.12","Виробництво електророзподільчої та контрольної апаратури",3812,"1/1/12, 00:00:00",,"C.27.12"
3815,"27.2","Виробництво батарей і акумуляторів",3811,"1/1/12, 00:00:00",,"C.27.2"
3816,"27.20","Виробництво батарей і акумуляторів",3815,"1/1/12, 00:00:00",,"C.27.20"
3817,"27.3","Виробництво проводів, кабелів і електромонтажних пристроїв",3811,"1/1/12, 00:00:00",,"C.27.3"
3818,"27.31","Виробництво волоконно-оптичних кабелів",3817,"1/1/12, 00:00:00",,"C.27.31"
3819,"42.91","Будівництво водних споруд",4395,"1/1/12, 00:00:00",,"F.42.91"
3820,"42.99","Будівництво інших споруд, н. в. і. у.",4395,"1/1/12, 00:00:00",,"F.42.99"
3821,"43","Спеціалізовані будівельні роботи",4381,"1/1/12, 00:00:00",,"F.43"
3822,"43.1","Знесення та підготовчі роботи на будівельному майданчику",3821,"1/1/12, 00:00:00",,"F.43.1"
3823,"43.11","Знесення",3822,"1/1/12, 00:00:00",,"F.43.11"
3824,"43.12","Підготовчі роботи на будівельному майданчику",3822,"1/1/12, 00:00:00",,"F.43.12"
3825,"43.13","Розвідувальне буріння",3822,"1/1/12, 00:00:00",,"F.43.13"
3826,"43.2","Електромонтажні, водопровідні та інші будівельно-монтажні роботи",3821,"1/1/12, 00:00:00",,"F.43.2"
3827,"43.21","Електромонтажні роботи",3826,"1/1/12, 00:00:00",,"F.43.21"
3828,"43.22","Монтаж водопровідних мереж, систем опалення та кондиціонування",3826,"1/1/12, 00:00:00",,"F.43.22"
3829,"43.29","Інші будівельно-монтажні роботи",3826,"1/1/12, 00:00:00",,"F.43.29"
3830,"43.3","Роботи із завершення будівництва",3821,"1/1/12, 00:00:00",,"F.43.3"
3831,"43.31","Штукатурні роботи",3830,"1/1/12, 00:00:00",,"F.43.31"
3832,"43.32","Установлення столярних виробів",3830,"1/1/12, 00:00:00",,"F.43.32"
3833,"43.33","Покриття підлоги й облицювання стін",3830,"1/1/12, 00:00:00",,"F.43.33"
3834,"43.34","Малярні роботи та скління",3830,"1/1/12, 00:00:00",,"F.43.34"
3835,"43.39","Інші роботи із завершення будівництва",3830,"1/1/12, 00:00:00",,"F.43.39"
3836,"43.9","Інші спеціалізовані будівельні роботи",3821,"1/1/12, 00:00:00",,"F.43.9"
3837,"43.91","Покрівельні роботи",3836,"1/1/12, 00:00:00",,"F.43.91"
3838,"43.99","Інші спеціалізовані будівельні роботи, н. в. і. у.",3836,"1/1/12, 00:00:00",,"F.43.99"
3839,"G","ОПТОВА ТА РОЗДРІБНА ТОРГІВЛЯ; РЕМОНТ АВТОТРАНСПОРТНИХ ЗАСОБІВ І МОТОЦИКЛІВ",,"1/1/12, 00:00:00",,"G"
3840,"45","Оптова та роздрібна торгівля автотранспортними засобами та мотоциклами, їх ремонт",3839,"1/1/12, 00:00:00",,"G.45"
3841,"45.1","Торгівля автотранспортними засобами",3840,"1/1/12, 00:00:00",,"G.45.1"
3842,"45.11","Торгівля автомобілями та легковими автотранспортними засобами",3841,"1/1/12, 00:00:00",,"G.45.11"
3843,"45.19","Торгівля іншими автотранспортними засобами",3841,"1/1/12, 00:00:00",,"G.45.19"
3844,"45.2","Технічне обслуговування та ремонт автотранспортних засобів",3840,"1/1/12, 00:00:00",,"G.45.2"
3845,"45.20","Технічне обслуговування та ремонт автотранспортних засобів",3844,"1/1/12, 00:00:00",,"G.45.20"
3846,"45.3","Торгівля деталями та приладдям для автотранспортних засобів",3840,"1/1/12, 00:00:00",,"G.45.3"
3847,"45.31","Оптова торгівля деталями та приладдям для автотранспортних засобів",3846,"1/1/12, 00:00:00",,"G.45.31"
3848,"45.32","Роздрібна торгівля деталями та приладдям для автотранспортних засобів",3846,"1/1/12, 00:00:00",,"G.45.32"
3849,"45.4","Торгівля мотоциклами, деталями та приладдям до них, технічне обслуговування і ремонт мотоциклів",3840,"1/1/12, 00:00:00",,"G.45.4"
3850,"45.40","Торгівля мотоциклами, деталями та приладдям до них, технічне обслуговування і ремонт мотоциклів",3849,"1/1/12, 00:00:00",,"G.45.40"
3851,"46","Оптова торгівля, крім торгівлі автотранспортними засобами та мотоциклами",3839,"1/1/12, 00:00:00",,"G.46"
3852,"46.1","Оптова торгівля за винагороду чи на основі контракту",3851,"1/1/12, 00:00:00",,"G.46.1"
3853,"46.11","Діяльність посередників у торгівлі сільськогосподарською сировиною, живими тваринами, текстильною сировиною та напівфабрикатами",3852,"1/1/12, 00:00:00",,"G.46.11"
3854,"46.12","Діяльність посередників у торгівлі паливом, рудами, металами та промисловими хімічними речовинами",3852,"1/1/12, 00:00:00",,"G.46.12"
3855,"46.13","Діяльність посередників у торгівлі деревиною, будівельними матеріалами та санітарно-технічними виробами",3852,"1/1/12, 00:00:00",,"G.46.13"
3856,"46.14","Діяльність посередників у торгівлі машинами, промисловим устаткованням, суднами та літаками",3852,"1/1/12, 00:00:00",,"G.46.14"
3857,"46.15","Діяльність посередників у торгівлі меблями, господарськими товарами, залізними та іншими металевими виробами",3852,"1/1/12, 00:00:00",,"G.46.15"
3858,"46.16","Діяльність посередників у торгівлі текстильними виробами, одягом, хутром, взуттям і шкіряними виробами",3852,"1/1/12, 00:00:00",,"G.46.16"
3859,"46.17","Діяльність посередників у торгівлі продуктами харчування, напоями та тютюновими виробами",3852,"1/1/12, 00:00:00",,"G.46.17"
3860,"46.18","Діяльність посередників, що спеціалізуються в торгівлі іншими товарами",3852,"1/1/12, 00:00:00",,"G.46.18"
3861,"46.19","Діяльність посередників у торгівлі товарами широкого асортименту",3852,"1/1/12, 00:00:00",,"G.46.19"
3862,"46.2","Оптова торгівля сільськогосподарською сировиною та живими тваринами",3851,"1/1/12, 00:00:00",,"G.46.2"
3863,"46.21","Оптова торгівля зерном, необробленим тютюном, насінням і кормами для тварин",3862,"1/1/12, 00:00:00",,"G.46.21"
3864,"46.22","Оптова торгівля квітами та рослинами",3862,"1/1/12, 00:00:00",,"G.46.22"
3865,"46.23","Оптова торгівля живими тваринами",3862,"1/1/12, 00:00:00",,"G.46.23"
3866,"46.24","Оптова торгівля шкірсировиною, шкурами та шкірою",3862,"1/1/12, 00:00:00",,"G.46.24"
3867,"46.3","Оптова торгівля продуктами харчування, напоями та тютюновими виробами",3851,"1/1/12, 00:00:00",,"G.46.3"
3868,"46.31","Оптова торгівля фруктами й овочами",3867,"1/1/12, 00:00:00",,"G.46.31"
3869,"46.32","Оптова торгівля м'ясом і м'ясними продуктами",3867,"1/1/12, 00:00:00",,"G.46.32"
3870,"46.33","Оптова торгівля молочними продуктами, яйцями, харчовими оліями та жирами",3867,"1/1/12, 00:00:00",,"G.46.33"
3871,"46.34","Оптова торгівля напоями",3867,"1/1/12, 00:00:00",,"G.46.34"
3872,"46.35","Оптова торгівля тютюновими виробами",3867,"1/1/12, 00:00:00",,"G.46.35"
3873,"46.36","Оптова торгівля цукром, шоколадом і кондитерськими виробами",3867,"1/1/12, 00:00:00",,"G.46.36"
3874,"46.37","Оптова торгівля кавою, чаєм, какао та прянощами",3867,"1/1/12, 00:00:00",,"G.46.37"
3875,"46.38","Оптова торгівля іншими продуктами харчування, у тому числі рибою, ракоподібними та молюсками",3867,"1/1/12, 00:00:00",,"G.46.38"
3876,"46.39","Неспеціалізована оптова торгівля продуктами харчування, напоями та тютюновими виробами",3867,"1/1/12, 00:00:00",,"G.46.39"
3877,"46.4","Оптова торгівля товарами господарського призначення",3851,"1/1/12, 00:00:00",,"G.46.4"
3878,"46.41","Оптова торгівля текстильними товарами",3877,"1/1/12, 00:00:00",,"G.46.41"
3879,"46.42","Оптова торгівля одягом і взуттям",3877,"1/1/12, 00:00:00",,"G.46.42"
3880,"46.43","Оптова торгівля побутовими електротоварами й електронною апаратурою побутового призначення для приймання, записування, відтворювання звуку й зображення",3877,"1/1/12, 00:00:00",,"G.46.43"
3881,"46.44","Оптова торгівля фарфором, скляним посудом і засобами для чищення",3877,"1/1/12, 00:00:00",,"G.46.44"
3882,"46.45","Оптова торгівля парфумними та косметичними товарами",3877,"1/1/12, 00:00:00",,"G.46.45"
3883,"46.46","Оптова торгівля фармацевтичними товарами",3877,"1/1/12, 00:00:00",,"G.46.46"
3884,"46.47","Оптова торгівля меблями, килимами й освітлювальним приладдям",3877,"1/1/12, 00:00:00",,"G.46.47"
3885,"46.48","Оптова торгівля годинниками та ювелірними виробами",3877,"1/1/12, 00:00:00",,"G.46.48"
3886,"46.49","Оптова торгівля іншими товарами господарського призначення",3877,"1/1/12, 00:00:00",,"G.46.49"
3887,"46.5","Оптова торгівля інформаційним і комунікаційним устаткованням",3851,"1/1/12, 00:00:00",,"G.46.5"
3888,"46.51","Оптова торгівля комп'ютерами, периферійним устаткованням і програмним забезпеченням",3887,"1/1/12, 00:00:00",,"G.46.51"
3889,"46.52","Оптова торгівля електронним і телекомунікаційним устаткованням, деталями до нього",3887,"1/1/12, 00:00:00",,"G.46.52"
3890,"46.6","Оптова торгівля іншими машинами й устаткованням",3851,"1/1/12, 00:00:00",,"G.46.6"
3891,"46.61","Оптова торгівля сільськогосподарськими машинами й устаткованням",3890,"1/1/12, 00:00:00",,"G.46.61"
3892,"46.62","Оптова торгівля верстатами",3890,"1/1/12, 00:00:00",,"G.46.62"
3893,"46.63","Оптова торгівля машинами й устаткованням для добувної промисловості та будівництва",3890,"1/1/12, 00:00:00",,"G.46.63"
3894,"46.64","Оптова торгівля машинами й устаткованням для текстильного, швейного та трикотажного виробництва",3890,"1/1/12, 00:00:00",,"G.46.64"
3895,"46.65","Оптова торгівля офісними меблями",3890,"1/1/12, 00:00:00",,"G.46.65"
3896,"77.2","Прокат побутових виробів і предметів особистого вжитку",4326,"1/1/12, 00:00:00",,"N.77.2"
3897,"77.21","Прокат товарів для спорту та відпочинку",3896,"1/1/12, 00:00:00",,"N.77.21"
3898,"77.22","Прокат відеозаписів і дисків",3896,"1/1/12, 00:00:00",,"N.77.22"
3899,"77.29","Прокат інших побутових виробів і предметів особистого вжитку",3896,"1/1/12, 00:00:00",,"N.77.29"
3900,"77.3","Надання в оренду інших машин, устатковання та товарів",4326,"1/1/12, 00:00:00",,"N.77.3"
3901,"77.31","Надання в оренду сільськогосподарських машин і устатковання",3900,"1/1/12, 00:00:00",,"N.77.31"
3902,"77.32","Надання в оренду будівельних машин і устатковання",3900,"1/1/12, 00:00:00",,"N.77.32"
3903,"77.33","Надання в оренду офісних машин і устатковання, у тому числі комп'ютери",3900,"1/1/12, 00:00:00",,"N.77.33"
3904,"77.34","Надання в оренду водних транспортних засобів",3900,"1/1/12, 00:00:00",,"N.77.34"
3905,"77.35","Надання в оренду повітряних транспортних засобів",3900,"1/1/12, 00:00:00",,"N.77.35"
3906,"77.39","Надання в оренду інших машин, устатковання та товарів. н. в. і. у.",3900,"1/1/12, 00:00:00",,"N.77.39"
3907,"77.4","Лізинг інтелектуальної власності та подібних продуктів, крім творів, захищених авторськими правами",4326,"1/1/12, 00:00:00",,"N.77.4"
3908,"77.40","Лізинг інтелектуальної власності та подібних продуктів, крім творів, захищених авторськими правами",3907,"1/1/12, 00:00:00",,"N.77.40"
3909,"78","Діяльність із працевлаштування",4325,"1/1/12, 00:00:00",,"N.78"
3910,"78.1","Діяльність агентств працевлаштування",3909,"1/1/12, 00:00:00",,"N.78.1"
3911,"78.10","Діяльність агентств працевлаштування",3910,"1/1/12, 00:00:00",,"N.78.10"
3912,"78.2","Діяльність агентств тимчасового працевлаштування",3909,"1/1/12, 00:00:00",,"N.78.2"
3913,"78.20","Діяльність агентств тимчасового працевлаштування",3912,"1/1/12, 00:00:00",,"N.78.20"
3914,"78.3","Інша діяльність із забезпечення трудовими ресурсами",3909,"1/1/12, 00:00:00",,"N.78.3"
3915,"78.30","Інша діяльність із забезпечення трудовими ресурсами",3914,"1/1/12, 00:00:00",,"N.78.30"
3916,"79","Діяльність туристичних агентств, туристичних операторів, надання інших послуг із бронювання та пов'язана з цим діяльність",4325,"1/1/12, 00:00:00",,"N.79"
3917,"79.1","Діяльність туристичних агентств і туристичних операторів",3916,"1/1/12, 00:00:00",,"N.79.1"
3918,"79.11","Діяльність туристичних агентств",3917,"1/1/12, 00:00:00",,"N.79.11"
3919,"79.12","Діяльність туристичних операторів",3917,"1/1/12, 00:00:00",,"N.79.12"
3920,"79.9","Надання інших послуг бронювання та пов'язана з цим діяльність",3916,"1/1/12, 00:00:00",,"N.79.9"
3921,"79.90","Надання інших послуг бронювання та пов'язана з цим діяльність",3920,"1/1/12, 00:00:00",,"N.79.90"
3922,"80","Діяльність охоронних служб та проведення розслідувань",4325,"1/1/12, 00:00:00",,"N.80"
3923,"80.1","Діяльність приватних охоронних служб",3922,"1/1/12, 00:00:00",,"N.80.1"
3924,"80.10","Діяльність приватних охоронних служб",3923,"1/1/12, 00:00:00",,"N.80.10"
3925,"80.2","Обслуговування систем безпеки",3922,"1/1/12, 00:00:00",,"N.80.2"
3926,"80.20","Обслуговування систем безпеки",3925,"1/1/12, 00:00:00",,"N.80.20"
3927,"80.3","Проведення розслідувань",3922,"1/1/12, 00:00:00",,"N.80.3"
3928,"80.30","Проведення розслідувань",3927,"1/1/12, 00:00:00",,"N.80.30"
3929,"81","Обслуговування будинків і територій",4325,"1/1/12, 00:00:00",,"N.81"
3930,"81.1","Комплексне обслуговування об'єктів",3929,"1/1/12, 00:00:00",,"N.81.1"
3931,"81.10","Комплексне обслуговування об'єктів",3930,"1/1/12, 00:00:00",,"N.81.10"
3932,"81.2","Діяльність із прибирання",3929,"1/1/12, 00:00:00",,"N.81.2"
3933,"81.21","Загальне прибирання будинків",3932,"1/1/12, 00:00:00",,"N.81.21"
3934,"81.22","Інша діяльність із прибирання будинків і промислових об'єктів",3932,"1/1/12, 00:00:00",,"N.81.22"
3935,"81.29","Інші види діяльності із прибирання",3932,"1/1/12, 00:00:00",,"N.81.29"
3936,"81.3","Надання ландшафтних послуг",3929,"1/1/12, 00:00:00",,"N.81.3"
3937,"81.30","Надання ландшафтних послуг",3936,"1/1/12, 00:00:00",,"N.81.30"
3938,"82","Адміністративна та допоміжна офісна діяльність, інші допоміжні комерційні послуги",4325,"1/1/12, 00:00:00",,"N.82"
3939,"82.1","Адміністративна та допоміжна офісна діяльність",3938,"1/1/12, 00:00:00",,"N.82.1"
3940,"82.11","Надання комбінованих офісних адміністративних послуг",3939,"1/1/12, 00:00:00",,"N.82.11"
3941,"82.19","Фотокопіювання, підготування документів та інша спеціалізована допоміжна офісна діяльність",3939,"1/1/12, 00:00:00",,"N.82.19"
3942,"82.2","Діяльність телефонних центрів",3938,"1/1/12, 00:00:00",,"N.82.2"
3943,"82.20","Діяльність телефонних центрів",3942,"1/1/12, 00:00:00",,"N.82.20"
3944,"82.3","Організування конгресів і торговельних виставок",3938,"1/1/12, 00:00:00",,"N.82.3"
3945,"82.30","Організування конгресів і торговельних виставок",3944,"1/1/12, 00:00:00",,"N.82.30"
3946,"82.9","Надання допоміжних комерційних послуг, н. в. і. у.",3938,"1/1/12, 00:00:00",,"N.82.9"
3947,"82.91","Діяльність агентств зі стягування платежів і бюро кредитних історій",3946,"1/1/12, 00:00:00",,"N.82.91"
3948,"82.92","Пакування",3946,"1/1/12, 00:00:00",,"N.82.92"
3949,"82.99","Надання інших допоміжних комерційних послуг, н. в. і. у.",3946,"1/1/12, 00:00:00",,"N.82.99"
3950,"O","ДЕРЖАВНЕ УПРАВЛІННЯ Й ОБОРОНА; ОБОВ'ЯЗКОВЕ СОЦІАЛЬНЕ СТРАХУВАННЯ",,"1/1/12, 00:00:00",,"O"
3951,"84","Державне управління й оборона; обов'язкове соціальне страхування",3950,"1/1/12, 00:00:00",,"O.84"
3952,"84.1","Державне управління загального характеру; соціально-економічне управління",3951,"1/1/12, 00:00:00",,"O.84.1"
3953,"84.11","Державне управління загального характеру",3952,"1/1/12, 00:00:00",,"O.84.11"
3954,"84.12","Регулювання у сферах охорони здоров'я, освіти, культури та інших соціальних сферах, крім обов'язкового соціального страхування",3952,"1/1/12, 00:00:00",,"O.84.12"
3955,"84.13","Регулювання та сприяння ефективному веденню економічної діяльності",3952,"1/1/12, 00:00:00",,"O.84.13"
3956,"84.2","Надання державних послуг суспільству в цілому",3951,"1/1/12, 00:00:00",,"O.84.2"
3957,"84.21","Міжнародна діяльність",3956,"1/1/12, 00:00:00",,"O.84.21"
3958,"84.22","Діяльність у сфері оборони",3956,"1/1/12, 00:00:00",,"O.84.22"
3959,"84.23","Діяльність у сфері юстиції та правосуддя",3956,"1/1/12, 00:00:00",,"O.84.23"
3960,"84.24","Діяльність у сфері охорони громадського порядку та безпеки",3956,"1/1/12, 00:00:00",,"O.84.24"
3961,"84.25","Діяльність пожежних служб",3956,"1/1/12, 00:00:00",,"O.84.25"
3962,"84.3","Діяльність у сфері обов'язкового соціального страхування",3951,"1/1/12, 00:00:00",,"O.84.3"
3963,"84.30","Діяльність у сфері обов'язкового соціального страхування",3962,"1/1/12, 00:00:00",,"O.84.30"
3964,"P","ОСВІТА",,"1/1/12, 00:00:00",,"P"
3965,"85","Освіта",3964,"1/1/12, 00:00:00",,"P.85"
3966,"85.1","Дошкільна освіта",3965,"1/1/12, 00:00:00",,"P.85.1"
3967,"85.10","Дошкільна освіта",3966,"1/1/12, 00:00:00",,"P.85.10"
3968,"85.2","Початкова освіта",3965,"1/1/12, 00:00:00",,"P.85.2"
3969,"85.20","Початкова освіта",3968,"1/1/12, 00:00:00",,"P.85.20"
3970,"85.3","Середня освіта",3965,"1/1/12, 00:00:00",,"P.85.3"
3971,"85.31","Загальна середня освіта",3970,"1/1/12, 00:00:00",,"P.85.31"
3972,"85.32","Професійно-технічна освіта",3970,"1/1/12, 00:00:00",,"P.85.32"
3973,"85.4","Вища освіта",3965,"1/1/12, 00:00:00",,"P.85.4"
3974,"85.41","Професійно-технічна освіта на рівні вищого професійно-технічного навчального закладу",3973,"1/1/12, 00:00:00",,"P.85.41"
3975,"85.42","Вища освіта",3973,"1/1/12, 00:00:00",,"P.85.42"
3976,"85.5","Інші види освіти",3965,"1/1/12, 00:00:00",,"P.85.5"
3977,"85.51","Освіта у сфері спорту та відпочинку",3976,"1/1/12, 00:00:00",,"P.85.51"
3978,"85.52","Освіта у сфері культури",3976,"1/1/12, 00:00:00",,"P.85.52"
3979,"85.53","Діяльність шкіл із підготовки водіїв транспортних засобів",3976,"1/1/12, 00:00:00",,"P.85.53"
3980,"85.59","Інші види освіти, н. в. і. у.",3976,"1/1/12, 00:00:00",,"P.85.59"
3981,"85.6","Допоміжна діяльність у сфері освіти",3965,"1/1/12, 00:00:00",,"P.85.6"
3982,"85.60","Допоміжна діяльність у сфері освіти",3981,"1/1/12, 00:00:00",,"P.85.60"
3983,"Q","ОХОРОНА ЗДОРОВ'Я ТА НАДАННЯ СОЦІАЛЬНОЇ ДОПОМОГИ",,"1/1/12, 00:00:00",,"Q"
3984,"86","Охорона здоров'я",3983,"1/1/12, 00:00:00",,"Q.86"
3985,"86.1","Діяльність лікарняних закладів",3984,"1/1/12, 00:00:00",,"Q.86.1"
3986,"86.10","Діяльність лікарняних закладів",3985,"1/1/12, 00:00:00",,"Q.86.10"
3987,"86.2","Медична та стоматологічна практика",3984,"1/1/12, 00:00:00",,"Q.86.2"
3988,"86.21","Загальна медична практика",3987,"1/1/12, 00:00:00",,"Q.86.21"
3989,"86.22","Спеціалізована медична практика",3987,"1/1/12, 00:00:00",,"Q.86.22"
3990,"99.00","Діяльність екстериторіальних організацій і органів",4074,"1/1/12, 00:00:00",,"U.99.00"
3991,"86.23","Стоматологічна практика",3987,"1/1/12, 00:00:00",,"Q.86.23"
3992,"86.9","Інша діяльність у сфері охорони здоров'я",3984,"1/1/12, 00:00:00",,"Q.86.9"
3993,"86.90","Інша діяльність у сфері охорони здоров'я",3992,"1/1/12, 00:00:00",,"Q.86.90"
3994,"87","Надання послуг догляду із забезпеченням проживання",3983,"1/1/12, 00:00:00",,"Q.87"
3995,"87.1","Діяльність із догляду за хворими із забезпеченням проживання",3994,"1/1/12, 00:00:00",,"Q.87.1"
3996,"87.10","Діяльність із догляду за хворими із забезпеченням проживання",3995,"1/1/12, 00:00:00",,"Q.87.10"
3997,"87.2","Надання послуг догляду із забезпеченням проживання для осіб з розумовими вадами та хворих на наркоманію",3994,"1/1/12, 00:00:00",,"Q.87.2"
3998,"87.20","Надання послуг догляду із забезпеченням проживання для осіб з розумовими вадами та хворих на наркоманію",3997,"1/1/12, 00:00:00",,"Q.87.20"
3999,"87.3","Надання послуг догляду із забезпеченням проживання для осіб похилого віку та інвалідів",3994,"1/1/12, 00:00:00",,"Q.87.3"
4000,"87.30","Надання послуг щодо догляду із забезпеченням проживання для осіб похилого віку та інвалідів",3999,"1/1/12, 00:00:00",,"Q.87.30"
4001,"87.9","Надання інших послуг догляду із забезпеченням проживання",3994,"1/1/12, 00:00:00",,"Q.87.9"
4002,"87.90","Надання інших послуг догляду із забезпеченням проживання",4001,"1/1/12, 00:00:00",,"Q.87.90"
4003,"88","Надання соціальної допомоги без забезпечення проживання",3983,"1/1/12, 00:00:00",,"Q.88"
4004,"88.1","Надання соціальної допомоги без забезпечення проживання для осіб похилого віку та інвалідів",4003,"1/1/12, 00:00:00",,"Q.88.1"
4005,"88.10","Надання соціальної допомоги без забезпечення проживання для осіб похилого віку та інвалідів",4004,"1/1/12, 00:00:00",,"Q.88.10"
4006,"88.9","Надання іншої соціальної допомоги без забезпечення проживання",4003,"1/1/12, 00:00:00",,"Q.88.9"
4007,"88.91","Денний догляд за дітьми",4006,"1/1/12, 00:00:00",,"Q.88.91"
4008,"88.99","Надання іншої соціальної допомоги без забезпечення проживання, н. в. і. у.",4006,"1/1/12, 00:00:00",,"Q.88.99"
4009,"R","МИСТЕЦТВО, СПОРТ, РОЗВАГИ ТА ВІДПОЧИНОК",,"1/1/12, 00:00:00",,"R"
4010,"90","Діяльність у сфері творчості, мистецтва та розваг",4009,"1/1/12, 00:00:00",,"R.90"
4011,"90.0","Діяльність у сфері творчості, мистецтва та розваг",4010,"1/1/12, 00:00:00",,"R.90.0"
4012,"90.01","Театральна та концертна діяльність",4011,"1/1/12, 00:00:00",,"R.90.01"
4013,"90.02","Діяльність із підтримання театральних і концертних заходів",4011,"1/1/12, 00:00:00",,"R.90.02"
4014,"90.03","Індивідуальна мистецька діяльність",4011,"1/1/12, 00:00:00",,"R.90.03"
4015,"90.04","Функціювання театральних і концертних залів",4011,"1/1/12, 00:00:00",,"R.90.04"
4016,"91","Функціювання бібліотек, архівів, музеїв та інших закладів культури",4009,"1/1/12, 00:00:00",,"R.91"
4017,"91.0","Функціювання бібліотек, архівів, музеїв та інших закладів культури",4016,"1/1/12, 00:00:00",,"R.91.0"
4018,"91.01","Функціювання бібліотек і архівів",4017,"1/1/12, 00:00:00",,"R.91.01"
4019,"91.02","Функціювання музеїв",4017,"1/1/12, 00:00:00",,"R.91.02"
4020,"91.03","Діяльність із охорони та використання пам'яток історії, будівель та інших пам'яток культури",4017,"1/1/12, 00:00:00",,"R.91.03"
4021,"91.04","Функціювання ботанічних садів, зоопарків і природних заповідників",4017,"1/1/12, 00:00:00",,"R.91.04"
4022,"92","Організування азартних ігор",4009,"1/1/12, 00:00:00",,"R.92"
4023,"92.0","Організування азартних ігор",4022,"1/1/12, 00:00:00",,"R.92.0"
4024,"92.00","Організування азартних ігор",4023,"1/1/12, 00:00:00",,"R.92.00"
4025,"93","Діяльність у сфері спорту, організування відпочинку та розваг",4009,"1/1/12, 00:00:00",,"R.93"
4026,"93.1","Діяльність у сфері спорту",4025,"1/1/12, 00:00:00",,"R.93.1"
4027,"93.11","Функціювання спортивних споруд",4026,"1/1/12, 00:00:00",,"R.93.11"
4028,"93.12","Діяльність спортивних клубів",4026,"1/1/12, 00:00:00",,"R.93.12"
4029,"93.13","Діяльність фітнес-центрів",4026,"1/1/12, 00:00:00",,"R.93.13"
4030,"93.19","Інша діяльність у сфері спорту",4026,"1/1/12, 00:00:00",,"R.93.19"
4031,"93.2","Організування відпочинку та розваг",4025,"1/1/12, 00:00:00",,"R.93.2"
4032,"93.21","Функціювання атракціонів і тематичних парків",4031,"1/1/12, 00:00:00",,"R.93.21"
4033,"93.29","Організування інших видів відпочинку та розваг",4031,"1/1/12, 00:00:00",,"R.93.29"
4034,"S","НАДАННЯ ІНШИХ ВИДІВ ПОСЛУГ",,"1/1/12, 00:00:00",,"S"
4035,"94","Діяльність громадських організацій",4034,"1/1/12, 00:00:00",,"S.94"
4036,"94.1","Діяльність організацій промисловців і підприємців, професійних організацій",4035,"1/1/12, 00:00:00",,"S.94.1"
4037,"94.11","Діяльність організацій промисловців і підприємців",4036,"1/1/12, 00:00:00",,"S.94.11"
4038,"94.12","Діяльність професійних громадських організацій",4036,"1/1/12, 00:00:00",,"S.94.12"
4039,"94.2","Діяльність професійних спілок",4035,"1/1/12, 00:00:00",,"S.94.2"
4040,"94.20","Діяльність професійних спілок",4039,"1/1/12, 00:00:00",,"S.94.20"
4041,"94.9","Діяльність інших громадських організацій",4035,"1/1/12, 00:00:00",,"S.94.9"
4042,"94.91","Діяльність релігійних організацій",4041,"1/1/12, 00:00:00",,"S.94.91"
4043,"94.92","Діяльність політичних організацій",4041,"1/1/12, 00:00:00",,"S.94.92"
4044,"94.99","Діяльність інших громадських організацій, н. в. і. у.",4041,"1/1/12, 00:00:00",,"S.94.99"
4045,"95","Ремонт комп'ютерів, побутових виробів і предметів особистого вжитку",4034,"1/1/12, 00:00:00",,"S.95"
4046,"95.1","Ремонт комп'ютерів і обладнання зв'язку",4045,"1/1/12, 00:00:00",,"S.95.1"
4047,"95.11","Ремонт комп'ютерів і периферійного устатковання",4046,"1/1/12, 00:00:00",,"S.95.11"
4048,"95.12","Ремонт обладнання зв'язку",4046,"1/1/12, 00:00:00",,"S.95.12"
4049,"95.2","Ремонт побутових виробів і предметів особистого вжитку",4045,"1/1/12, 00:00:00",,"S.95.2"
4050,"95.21","Ремонт електронної апаратури побутового призначення для приймання, запису, відтворення звуку й зображення",4049,"1/1/12, 00:00:00",,"S.95.21"
4051,"95.22","Ремонт побутових приладів, домашнього та садового обладнання",4049,"1/1/12, 00:00:00",,"S.95.22"
4052,"95.23","Ремонт взуття та шкіряних виробів",4049,"1/1/12, 00:00:00",,"S.95.23"
4053,"95.24","Ремонт меблів і домашнього начиння",4049,"1/1/12, 00:00:00",,"S.95.24"
4054,"95.25","Ремонт годинників і ювелірних виробів",4049,"1/1/12, 00:00:00",,"S.95.25"
4055,"95.29","Ремонт інших побутових виробів і предметів особистого вжитку",4049,"1/1/12, 00:00:00",,"S.95.29"
4056,"96","Надання інших індивідуальних послуг",4034,"1/1/12, 00:00:00",,"S.96"
4057,"96.0","Надання інших індивідуальних послуг",4056,"1/1/12, 00:00:00",,"S.96.0"
4058,"96.01","Прання та хімічне чищення текстильних і хутряних виробів",4057,"1/1/12, 00:00:00",,"S.96.01"
4059,"96.02","Надання послуг перукарнями та салонами краси",4057,"1/1/12, 00:00:00",,"S.96.02"
4060,"96.03","Організування поховань і надання суміжних послуг",4057,"1/1/12, 00:00:00",,"S.96.03"
4061,"96.04","Діяльність із забезпечення фізичного комфорту",4057,"1/1/12, 00:00:00",,"S.96.04"
4062,"96.09","Надання інших індивідуальних послуг, н. в. і. у.",4057,"1/1/12, 00:00:00",,"S.96.09"
4063,"T","ДІЯЛЬНІСТЬ ДОМАШНІХ ГОСПОДАРСТВ",,"1/1/12, 00:00:00",,"T"
4064,"97","Діяльність домашніх господарств як роботодавців для домашньої прислуги",4063,"1/1/12, 00:00:00",,"T.97"
4065,"97.0","Діяльність домашніх господарств як роботодавців для домашньої прислуги",4064,"1/1/12, 00:00:00",,"T.97.0"
4066,"97.00","Діяльність домашніх господарств як роботодавців для домашньої прислуги",4065,"1/1/12, 00:00:00",,"T.97.00"
4067,"98","Діяльність домашніх господарств як виробників товарів та послуг для власного споживання",4063,"1/1/12, 00:00:00",,"T.98"
4068,"98.1","Діяльність домашніх господарств як виробників товарів для власного споживання",4067,"1/1/12, 00:00:00",,"T.98.1"
4069,"98.10","Діяльність домашніх господарств як виробників товарів для власного споживання",4068,"1/1/12, 00:00:00",,"T.98.10"
4070,"98.2","Діяльність домашніх господарств як виробників послуг для власного споживання",4067,"1/1/12, 00:00:00",,"T.98.2"
4071,"98.20","Діяльність домашніх господарств як виробників послуг для власного споживання",4070,"1/1/12, 00:00:00",,"T.98.20"
4072,"U","ДІЯЛЬНІСТЬ ЕКСТЕРИТОРІАЛЬНИХ ОРГАНІЗАЦІЙ І ОРГАНІВ",,"1/1/12, 00:00:00",,"U"
4073,"99","Діяльність екстериторіальних організацій і органів",4072,"1/1/12, 00:00:00",,"U.99"
4074,"99.0","Діяльність екстериторіальних організацій і органів",4073,"1/1/12, 00:00:00",,"U.99.0"
4075,"46.66","Оптова торгівля іншими офісними машинами й устаткованням",3890,"1/1/12, 00:00:00",,"G.46.66"
4076,"46.69","Оптова торгівля іншими машинами й устаткованням",3890,"1/1/12, 00:00:00",,"G.46.69"
4077,"46.7","Інші види спеціалізованої оптової торгівлі",3851,"1/1/12, 00:00:00",,"G.46.7"
4078,"46.71","Оптова торгівля твердим, рідким, газоподібним паливом і подібними продуктами",4077,"1/1/12, 00:00:00",,"G.46.71"
4079,"46.72","Оптова торгівля металами та металевими рудами",4077,"1/1/12, 00:00:00",,"G.46.72"
4080,"46.73","Оптова торгівля деревиною, будівельними матеріалами та санітарно-технічним обладнанням",4077,"1/1/12, 00:00:00",,"G.46.73"
4081,"46.74","Оптова торгівля залізними виробами, водопровідним і опалювальним устаткованням і приладдям до нього",4077,"1/1/12, 00:00:00",,"G.46.74"
4082,"46.75","Оптова торгівля хімічними продуктами",4077,"1/1/12, 00:00:00",,"G.46.75"
4083,"46.76","Оптова торгівля іншими проміжними продуктами",4077,"1/1/12, 00:00:00",,"G.46.76"
4084,"46.77","Оптова торгівля відходами та брухтом",4077,"1/1/12, 00:00:00",,"G.46.77"
4085,"46.9","Неспеціалізована оптова торгівля",3851,"1/1/12, 00:00:00",,"G.46.9"
4086,"46.90","Неспеціалізована оптова торгівля",4085,"1/1/12, 00:00:00",,"G.46.90"
4087,"47","Роздрібна торгівля, крім торгівлі автотранспортними засобами та мотоциклами",3839,"1/1/12, 00:00:00",,"G.47"
4088,"47.1","Роздрібна торгівля в неспеціалізованих магазинах",4087,"1/1/12, 00:00:00",,"G.47.1"
4089,"47.11","Роздрібна торгівля в неспеціалізованих магазинах переважно продуктами харчування, напоями та тютюновими виробами",4088,"1/1/12, 00:00:00",,"G.47.11"
4090,"47.19","Інші види роздрібної торгівлі в неспеціалізованих магазинах",4088,"1/1/12, 00:00:00",,"G.47.19"
4091,"47.2","Роздрібна торгівля продуктами харчування, напоями та тютюновими виробами в спеціалізованих магазинах",4087,"1/1/12, 00:00:00",,"G.47.2"
4092,"47.21","Роздрібна торгівля фруктами й овочами в спеціалізованих магазинах",4091,"1/1/12, 00:00:00",,"G.47.21"
4093,"47.22","Роздрібна торгівля м'ясом і м'ясними продуктами в спеціалізованих магазинах",4091,"1/1/12, 00:00:00",,"G.47.22"
4094,"47.23","Роздрібна торгівля рибою, ракоподібними та молюсками в спеціалізованих магазинах",4091,"1/1/12, 00:00:00",,"G.47.23"
4095,"47.24","Роздрібна торгівля хлібобулочними виробами, борошняними та цукровими кондитерськими виробами в спеціалізованих магазинах",4091,"1/1/12, 00:00:00",,"G.47.24"
4096,"47.25","Роздрібна торгівля напоями в спеціалізованих магазинах",4091,"1/1/12, 00:00:00",,"G.47.25"
4097,"47.26","Роздрібна торгівля тютюновими виробами в спеціалізованих магазинах",4091,"1/1/12, 00:00:00",,"G.47.26"
4098,"47.29","Роздрібна торгівля іншими продуктами харчування в спеціалізованих магазинах",4091,"1/1/12, 00:00:00",,"G.47.29"
4099,"47.3","Роздрібна торгівля пальним",4087,"1/1/12, 00:00:00",,"G.47.3"
4100,"47.30","Роздрібна торгівля пальним",4099,"1/1/12, 00:00:00",,"G.47.30"
4101,"47.4","Роздрібна торгівля інформаційним і комунікаційним устаткованням у спеціалізованих магазинах",4087,"1/1/12, 00:00:00",,"G.47.4"
4102,"47.41","Роздрібна торгівля комп'ютерами, периферійним устаткованням і програмним забезпеченням у спеціалізованих магазинах",4101,"1/1/12, 00:00:00",,"G.47.41"
4103,"47.42","Роздрібна торгівля телекомунікаційним устаткованням у спеціалізованих магазинах",4101,"1/1/12, 00:00:00",,"G.47.42"
4104,"47.43","Роздрібна торгівля в спеціалізованих магазинах електронною апаратурою побутового призначення для приймання, запису, відтворення звуку й зображення",4101,"1/1/12, 00:00:00",,"G.47.43"
4105,"47.5","Роздрібна торгівля іншими товарами господарського призначення в спеціалізованих магазинах",4087,"1/1/12, 00:00:00",,"G.47.5"
4106,"47.51","Роздрібна торгівля текстильними товарами в спеціалізованих магазинах",4105,"1/1/12, 00:00:00",,"G.47.51"
4107,"47.52","Роздрібна торгівля залізними виробами, будівельними матеріалами та санітарно-технічними виробами в спеціалізованих магазинах",4105,"1/1/12, 00:00:00",,"G.47.52"
4108,"47.53","Роздрібна торгівля килимами, килимовими виробами, покриттям для стін і підлоги в спеціалізованих магазинах",4105,"1/1/12, 00:00:00",,"G.47.53"
4109,"47.54","Роздрібна торгівля побутовими електротоварами в спеціалізованих магазинах",4105,"1/1/12, 00:00:00",,"G.47.54"
4110,"47.59","Роздрібна торгівля меблями, освітлювальним приладдям та іншими товарами для дому в спеціалізованих магазинах",4105,"1/1/12, 00:00:00",,"G.47.59"
4111,"47.6","Роздрібна торгівля товарами культурного призначення та товарами для відпочинку в спеціалізованих магазинах",4087,"1/1/12, 00:00:00",,"G.47.6"
4112,"47.61","Роздрібна торгівля книгами в спеціалізованих магазинах",4111,"1/1/12, 00:00:00",,"G.47.61"
4113,"47.62","Роздрібна торгівля газетами та канцелярськими товарами в спеціалізованих магазинах",4111,"1/1/12, 00:00:00",,"G.47.62"
4114,"47.63","Роздрібна торгівля аудіо- та відеозаписами в спеціалізованих магазинах",4111,"1/1/12, 00:00:00",,"G.47.63"
4115,"47.64","Роздрібна торгівля спортивним інвентарем у спеціалізованих магазинах",4111,"1/1/12, 00:00:00",,"G.47.64"
4116,"47.65","Роздрібна торгівля іграми та іграшками в спеціалізованих магазинах",4111,"1/1/12, 00:00:00",,"G.47.65"
4117,"47.7","Роздрібна торгівля іншими товарами в спеціалізованих магазинах",4087,"1/1/12, 00:00:00",,"G.47.7"
4118,"47.71","Роздрібна торгівля одягом у спеціалізованих магазинах",4117,"1/1/12, 00:00:00",,"G.47.71"
4119,"47.72","Роздрібна торгівля взуттям і шкіряними виробами в спеціалізованих магазинах",4117,"1/1/12, 00:00:00",,"G.47.72"
4120,"47.73","Роздрібна торгівля фармацевтичними товарами в спеціалізованих магазинах",4117,"1/1/12, 00:00:00",,"G.47.73"
4121,"47.74","Роздрібна торгівля медичними й ортопедичними товарами в спеціалізованих магазинах",4117,"1/1/12, 00:00:00",,"G.47.74"
4122,"47.75","Роздрібна торгівля косметичними товарами та туалетними приналежностями в спеціалізованих магазинах",4117,"1/1/12, 00:00:00",,"G.47.75"
4123,"47.76","Роздрібна торгівля квітами, рослинами, насінням, добривами, домашніми тваринами та кормами для них у спеціалізованих магазинах",4117,"1/1/12, 00:00:00",,"G.47.76"
4124,"47.77","Роздрібна торгівля годинниками та ювелірними виробами в спеціалізованих магазинах",4117,"1/1/12, 00:00:00",,"G.47.77"
4125,"47.78","Роздрібна торгівля іншими невживаними товарами в спеціалізованих магазинах",4117,"1/1/12, 00:00:00",,"G.47.78"
4126,"47.79","Роздрібна торгівля уживаними товарами в магазинах",4117,"1/1/12, 00:00:00",,"G.47.79"
4127,"47.8","Роздрібна торгівля з лотків і на ринках",4087,"1/1/12, 00:00:00",,"G.47.8"
4128,"47.81","Роздрібна торгівля з лотків і на ринках харчовими продуктами, напоями та тютюновими виробами",4127,"1/1/12, 00:00:00",,"G.47.81"
4129,"47.82","Роздрібна торгівля з лотків і на ринках текстильними виробами, одягом і взуттям",4127,"1/1/12, 00:00:00",,"G.47.82"
4130,"47.89","Роздрібна торгівля з лотків і на ринках іншими товарами",4127,"1/1/12, 00:00:00",,"G.47.89"
4131,"47.9","Роздрібна торгівля поза магазинами",4087,"1/1/12, 00:00:00",,"G.47.9"
4132,"47.91","Роздрібна торгівля, що здійснюється фірмами поштового замовлення або через мережу Інтернет",4131,"1/1/12, 00:00:00",,"G.47.91"
4133,"47.99","Інші види роздрібної торгівлі поза магазинами",4131,"1/1/12, 00:00:00",,"G.47.99"
4134,"H","ТРАНСПОРТ, СКЛАДСЬКЕ ГОСПОДАРСТВО, ПОШТОВА ТА КУР'ЄРСЬКА ДІЯЛЬНІСТЬ",,"1/1/12, 00:00:00",,"H"
4135,"49","Наземний і трубопровідний транспорт",4134,"1/1/12, 00:00:00",,"H.49"
4136,"49.1","Пасажирський залізничний транспорт міжміського сполучення",4135,"1/1/12, 00:00:00",,"H.49.1"
4137,"49.10","Пасажирський залізничний транспорт міжміського сполучення",4136,"1/1/12, 00:00:00",,"H.49.10"
4138,"49.2","Вантажний залізничний транспорт",4135,"1/1/12, 00:00:00",,"H.49.2"
4139,"49.20","Вантажний залізничний транспорт",4138,"1/1/12, 00:00:00",,"H.49.20"
4140,"49.3","Інший пасажирський наземний транспорт",4135,"1/1/12, 00:00:00",,"H.49.3"
4141,"49.31","Пасажирський наземний транспорт міського та приміського сполучення",4140,"1/1/12, 00:00:00",,"H.49.31"
4142,"49.32","Надання послуг таксі",4140,"1/1/12, 00:00:00",,"H.49.32"
4143,"49.39","Інший пасажирський наземний транспорт, н. в. і. у.",4140,"1/1/12, 00:00:00",,"H.49.39"
4144,"49.4","Вантажний автомобільний транспорт, надання послуг перевезення речей",4135,"1/1/12, 00:00:00",,"H.49.4"
4145,"49.41","Вантажний автомобільний транспорт",4144,"1/1/12, 00:00:00",,"H.49.41"
4146,"49.42","Надання послуг перевезення речей (переїзду)",4144,"1/1/12, 00:00:00",,"H.49.42"
4147,"49.5","Трубопровідний транспорт",4135,"1/1/12, 00:00:00",,"H.49.5"
4148,"49.50","Трубопровідний транспорт",4147,"1/1/12, 00:00:00",,"H.49.50"
4149,"50","Водний транспорт",4134,"1/1/12, 00:00:00",,"H.50"
4150,"50.1","Пасажирський морський транспорт",4149,"1/1/12, 00:00:00",,"H.50.1"
4151,"50.10","Пасажирський морський транспорт",4150,"1/1/12, 00:00:00",,"H.50.10"
4152,"50.2","Вантажний морський транспорт",4149,"1/1/12, 00:00:00",,"H.50.2"
4153,"50.20","Вантажний морський транспорт",4152,"1/1/12, 00:00:00",,"H.50.20"
4154,"50.3","Пасажирський річковий транспорт",4149,"1/1/12, 00:00:00",,"H.50.3"
4155,"50.30","Пасажирський річковий транспорт",4154,"1/1/12, 00:00:00",,"H.50.30"
4156,"50.4","Вантажний річковий транспорт",4149,"1/1/12, 00:00:00",,"H.50.4"
4157,"50.40","Вантажний річковий транспорт",4156,"1/1/12, 00:00:00",,"H.50.40"
4158,"51","Авіаційний транспорт",4134,"1/1/12, 00:00:00",,"H.51"
4159,"51.1","Пасажирський авіаційний транспорт",4158,"1/1/12, 00:00:00",,"H.51.1"
4160,"51.10","Пасажирський авіаційний транспорт",4159,"1/1/12, 00:00:00",,"H.51.10"
4161,"51.2","Вантажний авіаційний транспорт і космічний транспорт",4158,"1/1/12, 00:00:00",,"H.51.2"
4162,"51.21","Вантажний авіаційний транспорт",4161,"1/1/12, 00:00:00",,"H.51.21"
4163,"51.22","Космічний транспорт",4161,"1/1/12, 00:00:00",,"H.51.22"
4164,"52","Складське господарство та допоміжна діяльність у сфері транспорту",4134,"1/1/12, 00:00:00",,"H.52"
4165,"52.1","Складське господарство",4164,"1/1/12, 00:00:00",,"H.52.1"
4166,"52.10","Складське господарство",4165,"1/1/12, 00:00:00",,"H.52.10"
4167,"52.2","Допоміжна діяльність у сфері транспорту",4164,"1/1/12, 00:00:00",,"H.52.2"
4168,"52.21","Допоміжне обслуговування наземного транспорту",4167,"1/1/12, 00:00:00",,"H.52.21"
4169,"52.22","Допоміжне обслуговування водного транспорту",4167,"1/1/12, 00:00:00",,"H.52.22"
4170,"52.23","Допоміжне обслуговування авіаційного транспорту",4167,"1/1/12, 00:00:00",,"H.52.23"
4171,"52.24","Транспортне оброблення вантажів",4167,"1/1/12, 00:00:00",,"H.52.24"
4172,"52.29","Інша допоміжна діяльність у сфері транспорту",4167,"1/1/12, 00:00:00",,"H.52.29"
4173,"53","Поштова та кур'єрська діяльність",4134,"1/1/12, 00:00:00",,"H.53"
4174,"53.1","Діяльність національної пошти",4173,"1/1/12, 00:00:00",,"H.53.1"
4175,"53.10","Діяльність національної пошти",4174,"1/1/12, 00:00:00",,"H.53.10"
4176,"53.2","Інша поштова та кур'єрська діяльність",4173,"1/1/12, 00:00:00",,"H.53.2"
4177,"53.20","Інша поштова та кур'єрська діяльність",4176,"1/1/12, 00:00:00",,"H.53.20"
4178,"I","ТИМЧАСОВЕ РОЗМІЩУВАННЯ Й ОРГАНІЗАЦІЯ ХАРЧУВАННЯ",,"1/1/12, 00:00:00",,"I"
4179,"55","Тимчасове розміщування",4178,"1/1/12, 00:00:00",,"I.55"
4180,"55.1","Діяльність готелів і подібних засобів тимчасового розміщування",4179,"1/1/12, 00:00:00",,"I.55.1"
4181,"55.10","Діяльність готелів і подібних засобів тимчасового розміщування",4180,"1/1/12, 00:00:00",,"I.55.10"
4182,"55.2","Діяльність засобів розміщування на період відпустки та іншого тимчасового проживання",4179,"1/1/12, 00:00:00",,"I.55.2"
4183,"55.20","Діяльність засобів розміщування на період відпустки та іншого тимчасового проживання",4182,"1/1/12, 00:00:00",,"I.55.20"
4184,"55.3","Надання місць кемпінгами та стоянками для житлових автофургонів і причепів",4179,"1/1/12, 00:00:00",,"I.55.3"
4185,"55.30","Надання місць кемпінгами та стоянками для житлових автофургонів і причепів",4184,"1/1/12, 00:00:00",,"I.55.30"
4186,"55.9","Діяльність інших засобів тимчасового розміщування",4179,"1/1/12, 00:00:00",,"I.55.9"
4187,"55.90","Діяльність інших засобів тимчасового розміщування",4186,"1/1/12, 00:00:00",,"I.55.90"
4188,"56","Діяльність із забезпечення стравами та напоями",4178,"1/1/12, 00:00:00",,"I.56"
4189,"56.1","Діяльність ресторанів, надання послуг мобільного харчування",4188,"1/1/12, 00:00:00",,"I.56.1"
4190,"56.10","Діяльність ресторанів, надання послуг мобільного харчування",4189,"1/1/12, 00:00:00",,"I.56.10"
4191,"56.2","Постачання готових страв",4188,"1/1/12, 00:00:00",,"I.56.2"
4192,"56.21","Постачання готових страв для подій",4191,"1/1/12, 00:00:00",,"I.56.21"
4193,"56.29","Постачання інших готових страв",4191,"1/1/12, 00:00:00",,"I.56.29"
4194,"56.3","Обслуговування напоями",4188,"1/1/12, 00:00:00",,"I.56.3"
4195,"56.30","Обслуговування напоями",4194,"1/1/12, 00:00:00",,"I.56.30"
4196,"J","ІНФОРМАЦІЯ ТА ТЕЛЕКОМУНІКАЦІЇ",,"1/1/12, 00:00:00",,"J"
4197,"58","Видавнича діяльність",4196,"1/1/12, 00:00:00",,"J.58"
4198,"58.1","Видання книг, періодичних видань та інша видавнича діяльність",4197,"1/1/12, 00:00:00",,"J.58.1"
4199,"58.11","Видання книг",4198,"1/1/12, 00:00:00",,"J.58.11"
4200,"58.12","Видання довідників і каталогів",4198,"1/1/12, 00:00:00",,"J.58.12"
4201,"58.13","Видання газет",4198,"1/1/12, 00:00:00",,"J.58.13"
4202,"58.14","Видання журналів і періодичних видань",4198,"1/1/12, 00:00:00",,"J.58.14"
4203,"58.19","Інші види видавничої діяльності",4198,"1/1/12, 00:00:00",,"J.58.19"
4204,"58.2","Видання програмного забезпечення",4197,"1/1/12, 00:00:00",,"J.58.2"
4205,"58.21","Видання комп'ютерних ігор",4204,"1/1/12, 00:00:00",,"J.58.21"
4206,"58.29","Видання іншого програмного забезпечення",4204,"1/1/12, 00:00:00",,"J.58.29"
4207,"59","Виробництво кіно-та відеофільмів, телевізійних програм, видання звукозаписів",4196,"1/1/12, 00:00:00",,"J.59"
4208,"59.1","Виробництво кіно- та відеофільмів, телевізійних програм",4207,"1/1/12, 00:00:00",,"J.59.1"
4209,"59.11","Виробництво кіно- та відеофільмів, телевізійних програм",4208,"1/1/12, 00:00:00",,"J.59.11"
4210,"59.12","Компонування кіно- та відеофільмів, телевізійних програм",4208,"1/1/12, 00:00:00",,"J.59.12"
4211,"59.13","Розповсюдження кіно- та відеофільмів, телевізійних програм",4208,"1/1/12, 00:00:00",,"J.59.13"
4212,"59.14","Демонстрація кінофільмів",4208,"1/1/12, 00:00:00",,"J.59.14"
4213,"59.2","Видання звукозаписів",4207,"1/1/12, 00:00:00",,"J.59.2"
4214,"59.20","Видання звукозаписів",4213,"1/1/12, 00:00:00",,"J.59.20"
4215,"60","Діяльність у сфері радіомовлення та телевізійного мовлення",4196,"1/1/12, 00:00:00",,"J.60"
4216,"60.1","Діяльність у сфері радіомовлення",4215,"1/1/12, 00:00:00",,"J.60.1"
4217,"60.10","Діяльність у сфері радіомовлення",4216,"1/1/12, 00:00:00",,"J.60.10"
4218,"60.2","Діяльність у сфері телевізійного мовлення",4215,"1/1/12, 00:00:00",,"J.60.2"
4219,"60.20","Діяльність у сфері телевізійного мовлення",4218,"1/1/12, 00:00:00",,"J.60.20"
4220,"61","Телекомунікації (електрозв'язок)",4196,"1/1/12, 00:00:00",,"J.61"
4221,"61.1","Діяльність у сфері проводового електрозв'язку",4220,"1/1/12, 00:00:00",,"J.61.1"
4222,"61.10","Діяльність у сфері проводового електрозв'язку",4221,"1/1/12, 00:00:00",,"J.61.10"
4223,"61.2","Діяльність у сфері безпроводового електрозв'язку",4220,"1/1/12, 00:00:00",,"J.61.2"
4224,"61.20","Діяльність у сфері безпроводового електрозв'язку",4223,"1/1/12, 00:00:00",,"J.61.20"
4225,"61.3","Діяльність у сфері супутникового електрозв'язку",4220,"1/1/12, 00:00:00",,"J.61.3"
4226,"61.30","Діяльність у сфері супутникового електрозв'язку",4225,"1/1/12, 00:00:00",,"J.61.30"
4227,"61.9","Інша діяльність у сфері електрозв'язку",4220,"1/1/12, 00:00:00",,"J.61.9"
4228,"61.90","інша діяльність у сфері електрозв'язку",4227,"1/1/12, 00:00:00",,"J.61.90"
4229,"62","Комп'ютерне програмування, консультування та пов'язана з ними діяльність",4196,"1/1/12, 00:00:00",,"J.62"
4230,"62.0","Комп'ютерне програмування, консультування та пов'язана з ними діяльність",4229,"1/1/12, 00:00:00",,"J.62.0"
4231,"62.01","Комп'ютерне програмування",4230,"1/1/12, 00:00:00",,"J.62.01"
4232,"62.02","Консультування з питань інформатизації",4230,"1/1/12, 00:00:00",,"J.62.02"
4233,"62.03","Діяльність із керування комп'ютерним устаткованням",4230,"1/1/12, 00:00:00",,"J.62.03"
4234,"62.09","Інша діяльність у сфері інформаційних технологій і комп'ютерних систем",4230,"1/1/12, 00:00:00",,"J.62.09"
4235,"63","Надання інформаційних послуг",4196,"1/1/12, 00:00:00",,"J.63"
4236,"63.1","Оброблення даних, розміщення інформації на веб-вузлах і пов'язана з ними діяльність; веб-портали",4235,"1/1/12, 00:00:00",,"J.63.1"
4237,"63.11","Оброблення даних, розміщення інформації на веб-вузлах і пов'язана з ними діяльність",4236,"1/1/12, 00:00:00",,"J.63.11"
4238,"63.12","Веб-портали",4236,"1/1/12, 00:00:00",,"J.63.12"
4239,"63.9","Надання інших інформаційних послуг",4235,"1/1/12, 00:00:00",,"J.63.9"
4240,"63.91","Діяльність інформаційних агентств",4239,"1/1/12, 00:00:00",,"J.63.91"
4241,"63.99","Надання інших інформаційних послуг, н. в. і. у.",4239,"1/1/12, 00:00:00",,"J.63.99"
4242,"K","ФІНАНСОВА ТА СТРАХОВА ДІЯЛЬНІСТЬ",,"1/1/12, 00:00:00",,"K"
4243,"64","Надання фінансових послуг, крім страхування та пенсійного забезпечення",4242,"1/1/12, 00:00:00",,"K.64"
4244,"64.1","Грошове посередництво",4243,"1/1/12, 00:00:00",,"K.64.1"
4245,"64.11","Діяльність центрального банку",4244,"1/1/12, 00:00:00",,"K.64.11"
4246,"64.19","Інші види грошового посередництва",4244,"1/1/12, 00:00:00",,"K.64.19"
4247,"64.2","Діяльність холдингових компаній",4243,"1/1/12, 00:00:00",,"K.64.2"
4248,"64.20","Діяльність холдингових компаній",4247,"1/1/12, 00:00:00",,"K.64.20"
4249,"64.3","Трасти, фонди та подібні фінансові суб'єкти",4243,"1/1/12, 00:00:00",,"K.64.3"
4250,"64.30","Трасти, фонди та подібні фінансові суб'єкти",4249,"1/1/12, 00:00:00",,"K.64.30"
4251,"64.9","Надання інших фінансових послуг, крім страхування та пенсійного забезпечення",4243,"1/1/12, 00:00:00",,"K.64.9"
4252,"64.91","Фінансовий лізинг",4251,"1/1/12, 00:00:00",,"K.64.91"
4253,"64.92","Інші види кредитування",4251,"1/1/12, 00:00:00",,"K.64.92"
4254,"64.99","Надання інших фінансових послуг (крім страхування та пенсійного забезпечення), н. в. і. у.",4251,"1/1/12, 00:00:00",,"K.64.99"
4255,"65","Страхування, перестрахування та недержавне пенсійне забезпечення, крім обов'язкового соціального страхування",4242,"1/1/12, 00:00:00",,"K.65"
4256,"65.1","Страхування",4255,"1/1/12, 00:00:00",,"K.65.1"
4257,"65.11","Страхування життя",4256,"1/1/12, 00:00:00",,"K.65.11"
4258,"65.12","Інші види страхування, крім страхування життя",4256,"1/1/12, 00:00:00",,"K.65.12"
4259,"65.2","Перестрахування",4255,"1/1/12, 00:00:00",,"K.65.2"
4260,"65.20","Перестрахування",4259,"1/1/12, 00:00:00",,"K.65.20"
4261,"65.3","Недержавне пенсійне забезпечення",4255,"1/1/12, 00:00:00",,"K.65.3"
4262,"65.30","Недержавне пенсійне забезпечення",4261,"1/1/12, 00:00:00",,"K.65.30"
4263,"66","Допоміжна діяльність у сферах фінансових послуг і страхування",4242,"1/1/12, 00:00:00",,"K.66"
4264,"66.1","Допоміжна діяльність у сфері фінансових послуг, крім страхування та пенсійного забезпечення",4263,"1/1/12, 00:00:00",,"K.66.1"
4265,"66.11","Управління фінансовими ринками",4264,"1/1/12, 00:00:00",,"K.66.11"
4266,"66.12","Посередництво за договорами по цінних паперах або товарах",4264,"1/1/12, 00:00:00",,"K.66.12"
4267,"66.19","Інша допоміжна діяльність у сфері фінансових послуг, крім страхування та пенсійного забезпечення",4264,"1/1/12, 00:00:00",,"K.66.19"
4268,"66.2","Допоміжна діяльність у сфері страхування та пенсійного забезпечення",4263,"1/1/12, 00:00:00",,"K.66.2"
4269,"66.21","Оцінювання ризиків та завданої шкоди",4268,"1/1/12, 00:00:00",,"K.66.21"
4270,"66.22","Діяльність страхових агентів і брокерів",4268,"1/1/12, 00:00:00",,"K.66.22"
4271,"66.29","Інша допоміжна діяльність у сфері страхування та пенсійного забезпечення",4268,"1/1/12, 00:00:00",,"K.66.29"
4272,"66.3","Управління фондами",4263,"1/1/12, 00:00:00",,"K.66.3"
4273,"66.30","Управління фондами",4272,"1/1/12, 00:00:00",,"K.66.30"
4274,"L","ОПЕРАЦІЇ З НЕРУХОМИМ МАЙНОМ",,"1/1/12, 00:00:00",,"L"
4275,"68","Операції з нерухомим майном",4274,"1/1/12, 00:00:00",,"L.68"
4276,"68.1","Купівля та продаж власного нерухомого майна",4275,"1/1/12, 00:00:00",,"L.68.1"
4277,"68.10","Купівля та продаж власного нерухомого майна",4276,"1/1/12, 00:00:00",,"L.68.10"
4278,"68.2","Надання в оренду й експлуатацію власного чи орендованого нерухомого майна",4275,"1/1/12, 00:00:00",,"L.68.2"
4279,"68.20","Надання в оренду й експлуатацію власного чи орендованого нерухомого майна",4278,"1/1/12, 00:00:00",,"L.68.20"
4280,"68.3","Операції з нерухомим майном за винагороду або на основі контракту",4275,"1/1/12, 00:00:00",,"L.68.3"
4281,"68.31","Агентства нерухомості",4280,"1/1/12, 00:00:00",,"L.68.31"
4282,"68.32","Управління нерухомим майном за винагороду або на основі контракту",4280,"1/1/12, 00:00:00",,"L.68.32"
4283,"M","ПРОФЕСІЙНА, НАУКОВА ТА ТЕХНІЧНА ДІЯЛЬНІСТЬ",,"1/1/12, 00:00:00",,"M"
4284,"69","Діяльність у сферах права та бухгалтерського обліку",4283,"1/1/12, 00:00:00",,"M.69"
4285,"69.1","Діяльність у сфері права",4284,"1/1/12, 00:00:00",,"M.69.1"
4286,"69.10","Діяльність у сфері права",4285,"1/1/12, 00:00:00",,"M.69.10"
4287,"69.2","Діяльність у сфері бухгалтерського обліку й аудиту; консультування з питань оподаткування",4284,"1/1/12, 00:00:00",,"M.69.2"
4288,"69.20","Діяльність у сфері бухгалтерського обліку й аудиту; консультування з питань оподаткування",4287,"1/1/12, 00:00:00",,"M.69.20"
4289,"70","Діяльність головних управлінь (хед-офісів); консультування з питань керування",4283,"1/1/12, 00:00:00",,"M.70"
4290,"70.1","Діяльність головних управлінь (хед-офісів)",4289,"1/1/12, 00:00:00",,"M.70.1"
4291,"70.10","Діяльність головних управлінь (хед-офісів)",4290,"1/1/12, 00:00:00",,"M.70.10"
4292,"70.2","Консультування з питань керування",4289,"1/1/12, 00:00:00",,"M.70.2"
4293,"70.21","Діяльність у сфері зв'язків із громадськістю",4292,"1/1/12, 00:00:00",,"M.70.21"
4294,"70.22","Консультування з питань комерційної діяльності й керування",4292,"1/1/12, 00:00:00",,"M.70.22"
4295,"71","Діяльність у сферах архітектури та інжинірингу; технічні випробування та дослідження",4283,"1/1/12, 00:00:00",,"M.71"
4296,"71.1","Діяльність у сферах архітектури та інжинірингу, надання послуг технічного консультування",4295,"1/1/12, 00:00:00",,"M.71.1"
4297,"71.11","Діяльність у сфері архітектури",4296,"1/1/12, 00:00:00",,"M.71.11"
4298,"71.12","Діяльність у сфері інжинірингу, геології та геодезії, надання послуг технічного консультування в цих сферах",4296,"1/1/12, 00:00:00",,"M.71.12"
4299,"71.2","Технічні випробування та дослідження",4295,"1/1/12, 00:00:00",,"M.71.2"
4300,"71.20","Технічні випробування та дослідження",4299,"1/1/12, 00:00:00",,"M.71.20"
4301,"72","Наукові дослідження та розробки",4283,"1/1/12, 00:00:00",,"M.72"
4302,"72.1","Дослідження й експериментальні розробки у сфері природничих і технічних наук",4301,"1/1/12, 00:00:00",,"M.72.1"
4303,"72.11","Дослідження й експериментальні розробки у сфері біотехнологій",4302,"1/1/12, 00:00:00",,"M.72.11"
4304,"72.19","Дослідження й експериментальні розробки у сфері інших природничих і технічних наук",4302,"1/1/12, 00:00:00",,"M.72.19"
4305,"72.2","Дослідження й експериментальні розробки у сфері суспільних і гуманітарних наук",4301,"1/1/12, 00:00:00",,"M.72.2"
4306,"72.20","Дослідження й експериментальні розробки у сфері суспільних і гуманітарних наук",4305,"1/1/12, 00:00:00",,"M.72.20"
4307,"73","Рекламна діяльність і дослідження кон'юнктури ринку",4283,"1/1/12, 00:00:00",,"M.73"
4308,"73.1","Рекламна діяльність",4307,"1/1/12, 00:00:00",,"M.73.1"
4309,"73.11","Рекламні агентства",4308,"1/1/12, 00:00:00",,"M.73.11"
4310,"73.12","Посередництво в розміщенні реклами в засобах масової інформації",4308,"1/1/12, 00:00:00",,"M.73.12"
4311,"73.2","Дослідження кон'юнктури ринку та виявлення громадської думки",4307,"1/1/12, 00:00:00",,"M.73.2"
4312,"73.20","Дослідження кон'юнктури ринку та виявлення громадської думки",4311,"1/1/12, 00:00:00",,"M.73.20"
4313,"74","Інша професійна, наукова та технічна діяльність",4283,"1/1/12, 00:00:00",,"M.74"
4314,"74.1","Спеціалізована діяльність із дизайну",4313,"1/1/12, 00:00:00",,"M.74.1"
4315,"74.10","Спеціалізована діяльність із дизайну",4314,"1/1/12, 00:00:00",,"M.74.10"
4316,"74.2","Діяльність у сфері фотографії",4313,"1/1/12, 00:00:00",,"M.74.2"
4317,"74.20","Діяльність у сфері фотографії",4316,"1/1/12, 00:00:00",,"M.74.20"
4318,"74.3","Надання послуг перекладу",4313,"1/1/12, 00:00:00",,"M.74.3"
4319,"74.30","Надання послуг перекладу",4318,"1/1/12, 00:00:00",,"M.74.30"
4320,"74.9","Інша професійна, наукова та технічна діяльність, не віднесена до інших угруповань",4313,"1/1/12, 00:00:00",,"M.74.9"
4321,"74.90","Інша професійна, наукова та технічна діяльність, н. в. і. у.",4320,"1/1/12, 00:00:00",,"M.74.90"
4322,"75","Ветеринарна діяльність",4283,"1/1/12, 00:00:00",,"M.75"
4323,"75.0","Ветеринарна діяльність",4322,"1/1/12, 00:00:00",,"M.75.0"
4324,"75.00","Ветеринарна діяльність",4323,"1/1/12, 00:00:00",,"M.75.00"
4325,"N","ДІЯЛЬНІСТЬ У СФЕРІ АДМІНІСТРАТИВНОГО ТА ДОПОМІЖНОГО ОБСЛУГОВУВАННЯ",,"1/1/12, 00:00:00",,"N"
4326,"77","Оренда, прокат і лізинг",4325,"1/1/12, 00:00:00",,"N.77"
4327,"77.1","Надання в оренду автотранспортних засобів",4326,"1/1/12, 00:00:00",,"N.77.1"
4328,"77.11","Надання в оренду автомобілів і легкових автотранспортних засобів",4327,"1/1/12, 00:00:00",,"N.77.11"
4329,"77.12","Надання в оренду вантажних автомобілів",4327,"1/1/12, 00:00:00",,"N.77.12"
4330,"32.40","Виробництво ігор та іграшок",3472,"1/1/12, 00:00:00",,"C.32.40"
4331,"32.5","Виробництво медичних і стоматологічних інструментів і матеріалів",3463,"1/1/12, 00:00:00",,"C.32.5"
4332,"32.50","Виробництво медичних і стоматологічних інструментів і матеріалів",4331,"1/1/12, 00:00:00",,"C.32.50"
4333,"32.9","Виробництво продукції, н. в. і. у.",3463,"1/1/12, 00:00:00",,"C.32.9"
4334,"32.91","Виробництво мітел і щіток",4333,"1/1/12, 00:00:00",,"C.32.91"
4335,"32.99","Виробництво іншої продукції, н. в. і. у.",4333,"1/1/12, 00:00:00",,"C.32.99"
4336,"33","Ремонт і монтаж машин і устатковання",3561,"1/1/12, 00:00:00",,"C.33"
4337,"33.1","Ремонт і технічне обслуговування готових металевих виробів, машин і устатковання",4336,"1/1/12, 00:00:00",,"C.33.1"
4338,"33.11","Ремонт і технічне обслуговування готових металевих виробів",4337,"1/1/12, 00:00:00",,"C.33.11"
4339,"33.12","Ремонт і технічне обслуговування машин і устатковання промислового призначення",4337,"1/1/12, 00:00:00",,"C.33.12"
4340,"33.13","Ремонт і технічне обслуговування електронного й оптичного устатковання",4337,"1/1/12, 00:00:00",,"C.33.13"
4341,"33.14","Ремонт і технічне обслуговування електричного устатковання",4337,"1/1/12, 00:00:00",,"C.33.14"
4342,"33.15","Ремонт і технічне обслуговування суден і човнів",4337,"1/1/12, 00:00:00",,"C.33.15"
4343,"33.16","Ремонт і технічне обслуговування повітряних і космічних літальних апаратів",4337,"1/1/12, 00:00:00",,"C.33.16"
4344,"33.17","Ремонт і технічне обслуговування інших транспортних засобів",4337,"1/1/12, 00:00:00",,"C.33.17"
4345,"33.19","Ремонт і технічне обслуговування інших машин і устатковання",4337,"1/1/12, 00:00:00",,"C.33.19"
4346,"33.2","Установлення та монтаж машин і устатковання",4336,"1/1/12, 00:00:00",,"C.33.2"
4347,"33.20","Установлення та монтаж машин і устатковання",4346,"1/1/12, 00:00:00",,"C.33.20"
4348,"D","ПОСТАЧАННЯ ЕЛЕКТРОЕНЕРГІЇ, ГАЗУ, ПАРИ ТА КОНДИЦІЙОВАНОГО ПОВІТРЯ",,"1/1/12, 00:00:00",,"D"
4349,"35","Постачання електроенергії, газу, пари та кондиційованого повітря",4348,"1/1/12, 00:00:00",,"D.35"
4350,"35.1","Виробництво, передача та розподілення електроенергії",4349,"1/1/12, 00:00:00",,"D.35.1"
4351,"35.11","Виробництво електроенергії",4350,"1/1/12, 00:00:00",,"D.35.11"
4352,"35.12","Передача електроенергії",4350,"1/1/12, 00:00:00",,"D.35.12"
4353,"35.13","Розподілення електроенергії",4350,"1/1/12, 00:00:00",,"D.35.13"
4354,"35.14","Торгівля електроенергією",4350,"1/1/12, 00:00:00",,"D.35.14"
4355,"35.2","Виробництво газу; розподілення газоподібного палива через місцеві (локальні) трубопроводи",4349,"1/1/12, 00:00:00",,"D.35.2"
4356,"35.21","Виробництво газу",4355,"1/1/12, 00:00:00",,"D.35.21"
4357,"35.22","Розподілення газоподібного палива через місцеві (локальні) трубопроводи",4355,"1/1/12, 00:00:00",,"D.35.22"
4358,"35.23","Торгівля газом через місцеві (локальні) трубопроводи",4355,"1/1/12, 00:00:00",,"D.35.23"
4359,"35.3","Постачання пари, гарячої води та кондиційованого повітря",4349,"1/1/12, 00:00:00",,"D.35.3"
4360,"35.30","Постачання пари, гарячої води та кондиційованого повітря",4359,"1/1/12, 00:00:00",,"D.35.30"
4361,"E","ВОДОПОСТАЧАННЯ; КАНАЛІЗАЦІЯ, ПОВОДЖЕННЯ З ВІДХОДАМИ",,"1/1/12, 00:00:00",,"E"
4362,"36","Забір, очищення та постачання води",4361,"1/1/12, 00:00:00",,"E.36"
4363,"36.0","Забір, очищення та постачання води",4362,"1/1/12, 00:00:00",,"E.36.0"
4364,"36.00","Забір, очищення та постачання води",4363,"1/1/12, 00:00:00",,"E.36.00"
4365,"37","Каналізація, відведення й очищення стічних вод",4361,"1/1/12, 00:00:00",,"E.37"
4366,"37.0","Каналізація, відведення й очищення стічних вод",4365,"1/1/12, 00:00:00",,"E.37.0"
4367,"37.00","Каналізація, відведення й очищення стічних вод",4366,"1/1/12, 00:00:00",,"E.37.00"
4368,"38","Збирання, оброблення й видалення відходів; відновлення матеріалів",4361,"1/1/12, 00:00:00",,"E.38"
4369,"38.1","Збирання відходів",4368,"1/1/12, 00:00:00",,"E.38.1"
4370,"38.11","Збирання безпечних відходів",4369,"1/1/12, 00:00:00",,"E.38.11"
4371,"38.12","Збирання небезпечних відходів",4369,"1/1/12, 00:00:00",,"E.38.12"
4372,"38.2","Оброблення та видалення відходів",4368,"1/1/12, 00:00:00",,"E.38.2"
4373,"38.21","Оброблення та видалення безпечних відходів",4372,"1/1/12, 00:00:00",,"E.38.21"
4374,"38.22","Оброблення та видалення небезпечних відходів",4372,"1/1/12, 00:00:00",,"E.38.22"
4375,"38.3","Відновлення матеріалів",4368,"1/1/12, 00:00:00",,"E.38.3"
4376,"38.31","Демонтаж (розбирання) машин і устатковання",4375,"1/1/12, 00:00:00",,"E.38.31"
4377,"38.32","Відновлення відсортованих відходів",4375,"1/1/12, 00:00:00",,"E.38.32"
4378,"39","Інша діяльність щодо поводження з відходами",4361,"1/1/12, 00:00:00",,"E.39"
4379,"39.0","Інша діяльність щодо поводження з відходами",4378,"1/1/12, 00:00:00",,"E.39.0"
4380,"39.00","Інша діяльність щодо поводження з відходами",4379,"1/1/12, 00:00:00",,"E.39.00"
4381,"F","БУДІВНИЦТВО",,"1/1/12, 00:00:00",,"F"
4382,"41","Будівництво будівель",4381,"1/1/12, 00:00:00",,"F.41"
4383,"41.1","Організація будівництва будівель",4382,"1/1/12, 00:00:00",,"F.41.1"
4384,"41.10","Організація будівництва будівель",4383,"1/1/12, 00:00:00",,"F.41.10"
4385,"41.2","Будівництво житлових і нежитлових будівель",4382,"1/1/12, 00:00:00",,"F.41.2"
4386,"41.20","Будівництво житлових і нежитлових будівель",4385,"1/1/12, 00:00:00",,"F.41.20"
4387,"42","Будівництво споруд",4381,"1/1/12, 00:00:00",,"F.42"
4388,"42.1","Будівництво доріг і залізниць",4387,"1/1/12, 00:00:00",,"F.42.1"
4389,"42.11","Будівництво доріг і автострад",4388,"1/1/12, 00:00:00",,"F.42.11"
4390,"42.12","Будівництво залізниць і метрополітену",4388,"1/1/12, 00:00:00",,"F.42.12"
4391,"42.13","Будівництво мостів і тунелів",4388,"1/1/12, 00:00:00",,"F.42.13"
4392,"42.2","Будівництво комунікацій",4387,"1/1/12, 00:00:00",,"F.42.2"
4393,"42.21","Будівництво трубопроводів",4392,"1/1/12, 00:00:00",,"F.42.21"
4394,"42.22","Будівництво споруд електропостачання та телекомунікацій",4392,"1/1/12, 00:00:00",,"F.42.22"
4395,"42.9","Будівництво інших споруд",4387,"1/1/12, 00:00:00",,"F.42.9"
